name,location,date,description,phone,category,image
한양을 찾아온 보부상,충청남도 부여군,2024. 10. 15. | 11:00 ~ 18:00,"충남지역의 보부상 문화를 광화문 광장에서 만날 수 있는 특별한 축제이다. 조선시대부터 이어져 온 보부상의 역사와 전통을 생생하게 체험의 장으로, 전통 의상을 입어보고, 옛 장터의 모습을 구경하며, 보부상들의 중요한 의식인 공문제도 재현해 볼 수 있다. 충남 보부상의 독특한 문화유산을 즐기고,  보부상들의 지혜와 정신을 배우며, 우리의 뿌리를 되새기는 소중한 시간이 될 것이다.",041-630-2913,문화,https://www.mcst.go.kr/attachFiles/cultureInfoCourt/localFestival/notifyFestival/1728519865522.png
리얼 트레저 페스티벌,경기도,2024. 10. 12. ~ 10. 16. | 12:00 ~ 17:00,"세계 최대 규모의 보물찾기 대회인 <리얼 트레저 페스티벌>이 10월 12일부터 10월 16일까지 개최된다.
스마트폰만 있다면 즐길 수 있는 이번 행사는 경기도청 옛청사에서 진행되며 참가자는 첨단 기술을 활용한 가상 보물을 획득할 수 있다. 보물을 획득한 수, 랭킹에 따라 다양한 선물도 받아갈 수 있다.
이번 축제는 개막식을 시작으로, 메인 프로그램인 리얼 트레저, 부대 프로그램인 던전 트레저, 미스터리 테마파크, 보물 도둑을 찾아라!, 외계인 포획 대작전, 포토존 등이 함께 이루어진다. 본 축제는 무료로 참여 가능하며 사전 예약 등 자세한 사항은 홈페이지를 참고하면 된다.",02-6011-1070,문화,https://www.mcst.go.kr/attachFiles/cultureInfoCourt/localFestival/notifyFestival/1727141135976.jpg
대한민국 김장김치축제,서울시 중구,2024. 10. 16. ~ 10. 17. | 10:00 ~ 18:00,"김치는 우리민족의 오랜 역사와 함께해온 소중한 문화유산이다.
제1회 대한민국 김장김치축제를 통해 김치의 깊은 맛과 다양한 조리법을 함께 나누고, 우리 전통 음식의 소중함을 되새길 수 있다.",02-6404-0166,먹거리,https://www.mcst.go.kr/attachFiles/cultureInfoCourt/localFestival/notifyFestival/1728265240577.jpg
달빛가득 부평향교,인천시 계양구,2024. 10. 17. | 17:00~21:00,"2024 <달빛 가득 부평향교>는 병자호란이 끝난 후 새롭게 재건된 향교 속에서 다시 새롭게 맞이하는 삶을 축하하는 선비들의 잔치로 눈을 사로잡는 포토존, 다채로운 전통체험, 낭만적인 달빛 야외 음악회를 즐기며 향교를 살아 숨 쉬는 문화공간으로 향유한다.",032-450-5754,음악,https://www.mcst.go.kr/attachFiles/cultureInfoCourt/localFestival/notifyFestival/1728520052903.jpg
한복사랑 인천시민 놀이마당,인천시 남동구,2024. 10. 19. | 15:00~19:00,"오는 10월 19일 인천광역시청 앞 인천애(愛)뜰에서 한복사랑 인천시민 놀이마당이 개최된다.
한복의 아름다움과 전통문화를 널리 알리고, 현대와 전통의 조화를 통해 한복의 가치를 보여주고자 하는 인천시 지역 행사이다. 인천시민 및 방문객에게 한복에 대한 즐거운 경험을 제공하여 한복의 대중화에 기여하고자 하는데 목표하고 있다. 전통한복 패션쇼부터 반려동물 한복 패션쇼까지 다양한 한복문화를 볼 수 있는 무대가 준비되어 있으며 전통예술 공연, 전통문화체험 등 다채로운 볼거리와 즐길 거리가 진행되는 행사이다.",070-5001-0266,가족,https://www.mcst.go.kr/attachFiles/cultureInfoCourt/localFestival/notifyFestival/1728520391304.jpg
강릉시 반려동물문화축제,강원도 강릉시,2024. 10. 19. | 10:00~17:00,"제2회 강릉시 반려동물 문화축제 ""올림펫""이 강릉에서 2024년 10월 19일에 열린다. ?반려동물과 함께 다양한 프로그램에 참여하고, 특별한 추억을 만들 수 있다.  올림픽을 모티브로 한 다양한 경기와 메달, 이벤트가 진행된다.",033-813-0333,가족,https://www.mcst.go.kr/attachFiles/cultureInfoCourt/localFestival/notifyFestival/1728520111781.jpg
YES! 키즈존,대구시 달성군,2024. 10. 19. | 13:00~20:30,"늦더위가 점점 식어가고 일상 속에 가을의 정취가 느껴지는 10월, 어린이들의 꿈과 상상력이 자라는 국립대구과학관에 생텍쥐페리의 동화 ""어린 왕자"" 세상이 펼쳐진다. 달성군의 가족 친화형 종합문화 예술축제 <YES! 키즈존>에는 남녀노소 즐길 수 있는 다채로운 문화공연과 어린이들이 동화 속을 누비며 즐길 수 있는 다양한 놀이 시설들, 온 가족이 함께 즐기며 추억을 남길 수 있는 색다른 체험 프로그램뿐 아니라 다양한 먹거리와 플리마켓 등의 풍성한 콘텐츠로 구성되어 있다.",053-668-4244,가족,https://www.mcst.go.kr/attachFiles/cultureInfoCourt/localFestival/notifyFestival/1728265316683.jpg
경주문화유산야행,경상북도 경주시,2024. 10. 18. ~ 10. 19. | 18:00~23:00,"경주 문화유산 야행은 7야15개 프로그램으로 구성되어 있으며, 그 속에 더욱 알차고 다양한 이야기가 들어있다. 신화와 설화, 그리고 경주만의 문화유산을 바탕으로 시민들과 관광객들에게 다양하고 흥미로운 역사문화 컨텐츠를 보여줄 예정이다.",054-779-6108,문화,https://www.mcst.go.kr/attachFiles/cultureInfoCourt/localFestival/notifyFestival/1727141301184.jpg
충청권생활문화축제,충청북도 청주시,2024. 10. 19. | 청남대 호수광장 및 음악분수대,"2024 충청권생활문화축제는 지자체 지정기관으로 공동협의체를 구성하고, 올해에는 충북 청주 청남대에서 각 기관에서 추천한 약 60여 개 팀의 공연과 전시·체험이 진행될 예정이다. 2022년도에는 대전, 2023년도에는 세종에서 축제를 개최한 바 있다. 10월 19일 오전 11시 청남대에서 시작되는 축제는 ▷통기타▷색소폰▷국악▷합창 등의 공연이 펼쳐지며 광장 내 부스 및 전시장에서는 ▷수채화▷스케치▷사진▷공예 등 다채로운 전시와 함께 그림그리기·즉석사진촬영·캐리커쳐 등 다양한 관객참여 이벤트를 진행할 예정이다.",043-224-9142,음악,https://www.mcst.go.kr/attachFiles/cultureInfoCourt/localFestival/notifyFestival/1727141208512.jpg
서대문 문화유산 야행,서울시 서대문구,2024. 10. 18. ~ 10. 19. | 17:00~22:00,"서울 서대문구는 오는 10월 18일(금)부터 19일(토)까지, 독립공원 일대에서 <2024 서대문 문화유산 야행>을 개최한다. 올해로 네 번째를 맞이하는 이번 행사는 <문학의 밤>이라는 주제로, 서대문이 지닌 역사와 문화유산을 문학적 감성 속에서 깊이 있게 체험할 수 있는 특별한 시간을 선사한다.
특히 올해는 국가유산 주간 선포식을 함께 진행하며, 서대문의 상징적 유산인 독립문, 서대문형무소 역사관, 국립 대한민국임시정부기념관 등에서 다채로운 프로그램이 펼쳐진다. 독립과 관련된 문학 작품과 문학인들의 이야기가 서대문 구석구석을 가득 채우며, 역사와 문학이 어우러지는 밤이 될 예정이다.","070-7575-2352, 2353",문화,https://www.mcst.go.kr/attachFiles/cultureInfoCourt/localFestival/notifyFestival/1726709228822.jpg
구로청소년축제,서울시 구로구,2024. 10. 19. | 11:00~18:00,"2024년 제9회 구로청소년축제는 10/19(토) 구로중학교 운동장에서 열린다. 구로청소년축제는 구로청소년자치연합 그린나래 청소년들이 직접 기획하고 운영하여 더욱 특별한 행사이다.

이번 축제는 ""도전해 화려한 지금 너의 꿈을"" 이라는 주제로 청소년이 꿈과 끼를 펼칠 수 있는 자리를 만들고 청소년이 스스로 진로에 대한 꿈을 키울 수 있는 기회를 조성하는 축제이다. 청소년에게 다양한 교육과 체험의 기회를 제공하는 동시에 지역이 함께 소통하고 화합하여 모두가 함께 어울어지는 장이 펼쳐진다.",02-860-2140,가족,https://www.mcst.go.kr/attachFiles/cultureInfoCourt/localFestival/notifyFestival/1728002435236.jpg
시흥시청소년동아리축제,경기도 시흥시,2024. 10. 19. | 13:00~21:00,"시흥시 청소년 동아리 축제는 자기주도적인 청소년 동아리 활동을 활성화하고 청소년 동아리와 지역사회와의 소통, 교류를 위해 마련된 장이다. 또한, 시흥시 관내 사회참여, 봉사, 수학, 스포츠, 댄스, 밴드 등 다양한 분야의 532개의 동아리 약 7,500여 명의 청소년이 만들어가는 전국 최대 규모의 청소년 축제이다.",031-315-1890,가족,https://www.mcst.go.kr/attachFiles/cultureInfoCourt/localFestival/notifyFestival/1726709101899.jpg
아이가 행복입니다,서울시 송파구,2024. 10. 18. ~ 10. 19. | 10:00~18:00,"""아이가 행복입니다""는 한국의 저출생 문제를 정부와 기업, 사회단체, 국민이 다 함께 힘을 합쳐 극복해야 한다는 공감대를 형성하기 위해 2018년 처음 개최되었다. 일과 생활의 균형, 저출생과 관련된 대책 각 분야 전문가들이 일반 대중들과 소통하는 자리이자, 출생/육아 정책과 건강 정보 등 양육의 부담을 덜 수 있는 정보도 제공한다. 동시에 잔디광장에서는 아이와 가족이 함께 즐길 수 있는 참여 체험 프로그램 등 다양한 볼거리를 제공한다.",1551-0178,가족,https://www.mcst.go.kr/attachFiles/cultureInfoCourt/localFestival/notifyFestival/1726709155670.jpg
물만난 평택 페스티벌,경기도 평택시,19일 (토) 12:00~20:00 / 20일 (일) 12:00~18:00,"평택의 중요한 자연 자원 중 하나인 진위천에서 똑똑하게 놀고, 편안하게 쉬는 물 만난 평택시민들의 축제로 진위천 유원지 일대에는 다양한 체험 프로그램이 가득한 물 만난 힐링 칠링 참여마당 (오감만족 힐링 공방, 퀘스트 트래블 스태프 랠리)과 물 만난 오픈 스테이지 (뮤직 콘서트, 토크 콘서트), 물 만난 페스티벌 피크닉존(푸드&테이블 존, 플리마켓), 진위천 야외 도서관 등이 펼쳐지며, 진위천을 중심으로 자연과 사람이 공존하는 축제를 즐길 수 있다.",0507-1316-3606,음악,https://www.mcst.go.kr/attachFiles/cultureInfoCourt/localFestival/notifyFestival/1728520727275.jpg
서로 엮는 북촌의 날,서울시 종로구,2024. 10. 11. ~ 10. 20. | 10:00~20:00 (날짜별 상이),"<2024 북촌의 날>은 북촌의 이웃과 문화자원을 연계한 지역문화축제로서 지역성, 역사성, 주체성이 다양하게 엮이는 오늘날의 역사문화관광 거점인 북촌을 무대로 10/11(금)부터 10/20(일)까지 열흘 동안 진행된다. 

작년 엔데믹 이후로 더욱 활발해진 지역 간 이동과 교류는 북촌을 더욱 약동시키고 있다. 특히 한국문화에 대한 글로벌 수요가 증가함에 따라 외국인 관광객이 급증하면서 백년전통을 다져온 북촌한옥마을의 곳곳이 더욱 주목받고 있다. 이제는 단순히 북촌에 거주하는 사람뿐만 아니라, 이곳을 방문하는 소비와 관광의 주체들 또한 지역문화의 중심을 이끌고 있다. 

그러나 이에 따른 거주민의 정주권과 환경 문제 또한 대두되고 있다. 날마다 수많은 관광객이 오가며 다양하게 엮인 문화자원들과 이를 통해 지역사회가 외치는 K-문화의 부흥을 어떠한 방식으로 발현시켜야 할지 고민과 성찰이 필요하다. 서울공공한옥의 연간 최대 축제인 <북촌의 날>은 이와 같은 지역 이슈를 함께 생각하는 축제로서 고민과 성장을 시도하고 있다. 

이번 축제의 다양한 주체들과 프로그램은 한국적 고유성에 드나드는 여러 가지 문화를 더욱 배려하고 포용하는 다문화주의적 사고를 지향한다. 이를 통해 전통의 변용가능성을 발굴하고, 한옥을 거점으로 남녀노소와 내외국인 누구나 주체가 될 수 있는 장을 마련하고자 한다. 

점점 더 많은 교류와 광역적 발달이 촉진되는 오늘날, 서울공공한옥은 북촌의 역사문화와 동시대성이 끊임없이 생장할 수 있도록 가꾸고자 한다. 마을의 옛길과 물길을 무대로 활기를 찾는 현장에서의 새로운 만남을 기대하며, 한옥과 전통, 북촌의 문화 속에서 또 다른 확장 가능성이 열릴 수 있도록 많은 관심과 참여를 바란다.",02-741-1033,문화,https://www.mcst.go.kr/attachFiles/cultureInfoCourt/localFestival/notifyFestival/1728349370435.jpg
원주 농협 치악산 고구마 축제,강원도 원주시,2024. 10. 19. ~ 10. 20. | 09:00~18:00,"원주농협 조합원들이 직접 재배한 고구마와 각종 농산물, 먹거리를 판매하는 축제이다.
현지 농산물을 저렴한 가격에 직접 구매할 수 있을뿐아니라, 로컬푸드로 만든 먹거리들도 함께 즐길 수 있는 축제이다.
지역특산품의 브랜드화를 위하는 축제임과 동시에 신선한 농산물을 농업인에게 직접 구매할 수 있는 판로를 만들어 농가소득 증대 및 지역사회 발전에 이바지 하는 축제다.",033)742-0114,먹거리,https://www.mcst.go.kr/attachFiles/cultureInfoCourt/localFestival/notifyFestival/1728265410168.jpg
무형유산축전,전라북도 전주시,2024. 10. 17. ~ 10. 20. | 09:00~21:00,"<무형 유산 축전>은 무형 유산의 문화적 가치를 보존하고 전승하기 위해 국립무형 유산원이 진행하는 무형 유산 중심 축제로 무형 유산의 중요성을 널리 알리고, 그 가치를 재발견하며, 지속 가능한 전승을 도모하는 중요한 행사이다. 화락 연희 - 조화롭고 즐거운 잔치에서 빛나는 기쁨이라는 슬로건으로 10월 17일~20일 4일간 현대와 연결된 무형 유산의 화려한 변신을 경험할 수 있다. 무형 유산을 주제로 공연, 전시, 체험 등 남녀노소, 온 가족이 참여할 수 있는 프로그램이 준비되어 있다.",1551-6063,가족,https://www.mcst.go.kr/attachFiles/cultureInfoCourt/localFestival/notifyFestival/1728265360171.jpg
프란치스코 교황방문 10주년 기념행사,충청남도 당진시,2024. 10. 19. ~ 10. 20. | 14:00~21:00,프란치스코 교황방문 10주년 기념행사에서 2014 천주교 아시아 청년대회 및 프란치스코 교황의 방문의 뜨거운 감동이 함께한지 어느덧 10년 그 감동을 다시 한번 느낄 수 있다. 10월 19일부터 20일까지 2일간 진행되며 대한민국 최초의 사제이자 2021 유네스코 세계기념인물로 선정된 김대건신부의 탄생지인 당진 솔뫼성지에서 프란치스코 교황방문 10주년 기념행사가 개최된다.,041-362-5021,문화,https://www.mcst.go.kr/attachFiles/cultureInfoCourt/localFestival/notifyFestival/1728265457195.jpg
강경젓갈축제,충청남도 논산시,2024. 10. 17. ~ 10. 20. | 10:00~20:00,"강경젓갈과 상월고구마가 어우러지는 대한민국 대표 웰니스 관광축제이다.
MZ세대를 아우르는 모디슈머 젓갈음식문화 창출과 확산하며, 색다른 공간과 지역의 화홥을 위한 100세 시대 건강축제 구성한다. 
젓갈판매에서 다양한 젓갈 모디슈머(자신만의 레시피 방식으로 재창조하는 소비자) 레시피 음식 문화 축제이며 기획형 먹거리촌 조성으로 젓갈삼합, 젓갈고구마주먹밥 등을 판매한 ""지역특화음식관"" 운영한다.",041-730-2983,먹거리,https://www.mcst.go.kr/attachFiles/cultureInfoCourt/localFestival/notifyFestival/1727830617189.jpg
계양 문화유산 야행,인천시 계양구,2024. 10. 18. ~ 10. 20. | 18:00~22:00,"2024년 10월 보름달이 뜨는 날, 계양구의 첫 문화유산 야행인 “활활” 계양 문화유산 야행이 열린다. 삼국시대부터 중요한 군사적 요충지였던 계양산성을 필두로 유생들이 활을 통해 정신을 수련했던 부평향교, 그리고 정조대왕이 들려 활을 쏜 부평도호부 관아까지 세 개의 계양 문화유산을 활을 통해서 바라봅니다. 계양의 역사를 담은 6야(夜) 프로그램을 통해 다채로운 문화유산의 밤을 느낄 수 있다.",032-450-5753,문화,https://www.mcst.go.kr/attachFiles/cultureInfoCourt/localFestival/notifyFestival/1727830427710.jpg
문화의 달,전라남도 신안군,2024. 10. 18. ~ 10. 20. | 09:00 ~ 22:00,"국민의 문화 의식과 이해를 높이고 문화 활동에의 적극적인 참여를 유도하기 위하여 매년 10월 문화의 달로 하고 기념하는 행사를 개최한다.
 「2024년 문화의 달 행사」에는 2024.10.18.(금)~2024.10.20.(일) 3일간 남원시 광한루 일원에서 개최된다.
남원 명인 명창의 국악공연, 전통 줄타기 공연, 마당극, 청소년 국악페스티벌, 신관사또 부임행차 공연, 남원농악보존회 공개공연, 다양한 장르의 퓨전국악·재즈·조선팝·국악트롯 공연 등이 펼쳐집니다. 10.18.(금) 문화의 달 행사 기념식(국가기념일)에는 명인 명창의 환영의 소리 공연, 몽룡찾기 퍼포먼스, 로컬 100 우수사례 시상, 주제공연(타악공연, 축원무 공연, 가수 송가인 공연, 시민합창단 공연) 이 추진된다. 
그 밖에 춘향놀이터, 남원 체험존에서는 다양한 체험놀이를 하실 수 있으며, 지역 연계행사로 남원예술제(10.19.~10.20.) 강도근 전국판소리 고법 경연(10.19.~10.20)이 남원시 일원에서 펼쳐진다.",063-620-8907,가족,https://www.mcst.go.kr/attachFiles/cultureInfoCourt/localFestival/notifyFestival/1727397703540.png
경기미디저트페스타,경기도 수원시,2024. 10. 19. ~ 10. 20. | 11:00~17:00,"경기미디저트페스타는 경기미로 만든 쌀 디저트 박람회로 쌀 디저트 경연 대회, 체험, 전시, 판매전 등 먹고 보고 즐길 수 있는 페스티벌이다.",070-4205-1233,문화,https://www.mcst.go.kr/attachFiles/cultureInfoCourt/localFestival/notifyFestival/1726709277514.jpg
가야문화축제,경상남도 김해시,2024. 10. 16. ~ 10. 20.,"가야문화축제는 가락국(금관가야)의 전통과 역사적 기반을 바탕으로 한 역사 문화 축제이며, 올해는 음력 9월 15일(10월 17일) 김수로왕의 ""숭선전 추향대제일"" 기점에 개최된다. 
동북아시아 해상교통의 중심국가이자 철기문화를 지녔던 가야 왕국의 과거 위상을 알리고 가야문화의 가치를 재조명하는 역사문화축제가 될 것이며, 가락국 김해만의 독창적인 축제가 경남도민을 중심으로 펼쳐진다.
2024년은 김해 방문의 해로 지정하고 가야고분군 세계유산 등재 1주년을 축하하는 기념식과 더불어 전국체전 및 동아시아문화도시와 가야문화축제 연계를 통한 국제적인 축제로 거듭날 예정이다. 
가야고분군 유네스코 세계유산 등재를 발판으로 가야유적을 배경으로 한 다양한 콘텐츠를 기획하여 김해시 이미지 브랜딩 및 관광 활성화에 큰 역할을 할 것이다.",055-330-6840,문화,https://www.mcst.go.kr/attachFiles/cultureInfoCourt/localFestival/notifyFestival/1726710747885.jpg
광주서창억새축제,광주시 서구,2024. 10. 17. ~ 10. 20. | 13:00~19:00,"남도 대표 자연 힐링 축제인 광주서 창 억새축제는 영산강 일원에서 자연 억새와 어우러진 다양한 문화 예술 공연과 체험행사, 걷기 행사, 멍 때리기 대회 등이 함께 이루어진다. 서구 8경 중 하나인 서창 들녘 노을과 억새 길을 걸으며 남도 유일 도심 속 자연 축제를 만날 수 있다. 올해(2024년)는 은빛 억새가 전하는 가을로의 초대라는 주제로 10월 17일부터 20일까지 4일간 진행된다.",062-350-4792,음악,https://www.mcst.go.kr/attachFiles/cultureInfoCourt/localFestival/notifyFestival/1726710535139.jpg
제주독서대전,제주도 제주시,2024. 10. 18. ~ 10. 20. | 11:00~17:00,"제주독서대전은 제주시민 모두 책으로 소통하고 공감하는 독서 문화를 조성하기 위해 도내 독서 관련 기관, 단체와 함께 독서 생태계 기반을 다지는 제주 대표 책 축제이다.",064-728-1503,문화,https://www.mcst.go.kr/attachFiles/cultureInfoCourt/localFestival/notifyFestival/1726709500869.jpg
고마로馬문화축제,제주도 제주시,2024. 10. 18. ~ 10. 20. | 10:00~17:00,"「역사와 문화가 숨 쉬고 현대가 공존하는 고마로를 따라... 」를 주제로 하여 고마로馬문화축제를 통해 제주의 결속과 화합의 장을 마련하고 문화적 가치화 지역자원을 홍보할 수 있는 계기를 마련하고 말의 고장인 제주의 이미지를 홍보하고 제주 전통 馬 문화를 상품화함으로써 말산업과 문화·관광산업의 축제로 자리매김할 수 있는 제주지역대표축제이다. 축제를 통하여 말고기 소비 및 음식 개발 등 다채로운 행사로 도민뿐 아니라 관광객들이 참여하여 도심 속 축제장에서 승마체험, 말먹이주기 체험, 말고기 음식 시식 및 마제품 판매들 통한 말산업의 다채로움을 느끼고 체험할 수 있다. 

그뿐 아니라 지역주민들의 프리마켓 부스 소소한 체험 이벤트 등 여러 종류의 체험을 할 수 있으며 축제 음식점을 통하여 말고기 관련 음식 및 축제장의 먹거리를 통하여 축제를 한껏 즐길 수 있는 제주지역대표축제이다. 또한 무대에서는 다채로운 공연과 쇼를 볼 수 있으며, 옛말들이 이동했던 고마로를 걷는 거리 퍼레이드는 누구나 접수하여 고마로를 행진할 수 있는 가장행렬 거리 퍼레이드로 거듭나면서 축제에 다채로움을 느낄 수 있는 축제이다.",064-728-4442,문화,https://www.mcst.go.kr/attachFiles/cultureInfoCourt/localFestival/notifyFestival/1726709425767.jpg
청주 디저트·베이커리 페스타,충청북도 청주시,2024. 10. 19. ~ 10. 20. | 11:00~20:00,"청주 디저트·베이커리 페스타는 달콤한 도시 청주를 주제로 개최되며, 축제 기간 지역을 대표하는 디저트·베이커리 홍보 및 판매, 관련 체험 및 부대행사, 관련 학과 학생들의 지역 대표 디저트 베이커리 창작 작품 전시 이벤트, 축제와 어우러진 잔잔한 공연, 지역 대표 농특산물 브랜드 청원생명 상생 장터 등 다채로운 행사가 진행된다.",043-201-2056,음악,https://www.mcst.go.kr/attachFiles/cultureInfoCourt/localFestival/notifyFestival/1726709330346.jpg
경기미 쌀 디저트페스타,경기도 수원시,2024. 10. 19. ~ 10. 20. | 11:00~17:00,"경기미디저트페스타는 경기미로 만든 쌀 디저트 박람회로 쌀 디저트 경연 대회, 체험, 전시, 판매전 등 먹고 보고 즐길 수 있는 페스티벌이다.",070-4205-1233,문화,https://www.mcst.go.kr/attachFiles/cultureInfoCourt/localFestival/notifyFestival/1726709277514.jpg
솜리결사대 : 금고의 비밀을 밝혀라,전라북도 익산시,2024. 10. 19. ~ 10. 20. | 12:30~18:00,"익산 인화동 근대거리와 솜리문화금고의 인지도를 높이기 위한 시대상 반영 스토리형 RPG 프로그램이 구시장 일대에서 이틀간 개최된다. 이번 행사는 근대거리의 역사적 가치를 알리고, 지역의 문화유산을 체험할 수 있는 독특한 기회를 제공한다. 참여자들은 과거의 익산을 배경으로 한 역사 속 인물이 되어 색다른 경험을 즐길 수 있다. 스토리형 RPG는 단순한 관광을 넘어 참가자들이 직접 역사 속에서 살아가는 인물로서 행동하고 결정을 내리는 방식으로 진행되어, 익산의 근대 역사와 문화를 보다 생동감 있게 체험할 수 있다. 또한, 이 축제는 지역 주민뿐만 아니라 참가자들에게도 익산의 과거를 재발견하고, 지역의 문화적 정체성에 대한 깊은 이해를 할 수 있는 기회를 제공한다.",053-253-0515,문화,https://www.mcst.go.kr/attachFiles/cultureInfoCourt/localFestival/notifyFestival/1726707005396.jpg
국가유산 조선왕릉축전,경기도 구리시,2024. 10. 11. ~ 10. 20.,"<국가유산 조선왕릉 축전>은 유네스코 세계유산으로 등재된 조선왕릉을 국내외에 알리기 위해 기획된 대표적인 왕릉 활용 행사이다.
지난 2020년 시작되어 올해로 5회째를 맞이하는 <2024 국가유산 조선왕릉 축전>은 10.11.(금) 개막식을 시작으로 10.20.(일)까지 10일간 진행하며, 조선왕릉에 특화된 공연?투어?전시?체험 등의 다채로운 문화?예술 프로그램으로 방문객 여러분을 맞이할 예정이다.
무엇보다 올해는 조선왕릉 문화제에서 국가유산 조선왕릉 축전으로 새롭게 거듭나며, 문화유산 축제로 왕릉 가치를 확대하고자 한다.
8월에는 사전 특별 프로그램인 조선왕릉 원정대를 선보이며, 더 많은 분들에게 조선왕릉의 역사와 가치를 널리 알리고자 한다.",1522-2295,음악,https://www.mcst.go.kr/attachFiles/cultureInfoCourt/localFestival/notifyFestival/1725932140908.jpg
우이천 등(燈)축제 <강북 꿈꾸는 물고기>,서울시 강북구,2024. 10. 8. ~ 2024. 10. 20. | 09:00~22:00 (점등시간 17:00~22:00),「강북 꿈꾸는 물고기」는 내 삶에 힘이 되는 자연도시 강북 우이천에서 꿈을 주제로 펼쳐지는 한지예술 등(燈) 축제이다. 419명의 강북 어린이가 꿈과 희망으로 직접 만든 꿈 씨앗 등(燈) 공공미술과 구름물고기 표구철 작가의 작품이 가을밤을 풍요롭게 수놓는다. 점등식에서 가수 박기영의 넬라 판타지아를 시작으로 축제 기간 동안 다양한 공연과 체험이 이루어진다. 마지막은 소중한 꿈을 전하면서 내년을 기약한다. 강북 꿈꾸는 물고기는 함께 만들고 더불어 즐기는 축제를 선사한다.,02-944-8458,가족,https://www.mcst.go.kr/attachFiles/cultureInfoCourt/localFestival/notifyFestival/1728520827917.jpg
국가유산 미디어아트 수원화성,경기도 수원시,2024. 9. 28. ~ 10. 20. | 19:00 ~ 22:00,"「수원화성 화락(和樂)」은 ‘정조대왕’이 개혁 신도시 수원화성에서 꿈꾸었던 여민동락의 세상을 현재의 다채로운 ‘빛’으로 연출한 미디어아트이다. 수원화성 행행을 통해 입성한 수원화성에서 펼친 개혁 활동과 효심, 애민정신, 인재 등용, 부국강병을 통하여 백성 모두가 화평하고 즐거운 세상을 바랐던 정조의 이야기인 「수원화성 화락(和樂)」이 미디어아트로 부활한다.

올해 네 번째 시즌을 맞는 이번 미디어아트의 감동은 화서문(2021), 화홍문~남수문(2022), 창룡문(2023)을 이어 화서문~장안문 일원에서 새롭게 재현된다. 화서문~장안문 일원에서 펼쳐질 ‘2024 수원화성 미디어아트’에서 수원화성만의 특별한 미디어아트를 경험할 수 있다.",031-290-3622,문화,https://www.mcst.go.kr/attachFiles/cultureInfoCourt/localFestival/notifyFestival/1724978540207.jpg
용설애(愛) FESTA,경기도 안성시,2024. 7. 20. ~ 10. 20. | 11:30~16:30,"용설호수를 바라보고 펼쳐지는 ""용설애(愛) FESTA""는 7월부터 10월까지 가족과 어린이를 중심으로 모두가 즐겁게 즐길 수 있도록 다채로운 실내 공연과 풍성한 야외 프로그램, 신나는 에어바운스와 아기자기한 아트마켓&예술체험 그리고 다양한 먹거리로 어린이들의 마음에 재미와 활기를 불어 넣어주는 축제이다.",031-676-9512,가족,https://www.mcst.go.kr/attachFiles/cultureInfoCourt/localFestival/notifyFestival/1724374968529.jpg
한강페스티벌,서울시 성동구,2024. 10. 11. ~ 10. 20.,"가을 한강에는 몸과 마음의 건강을 위한 다채로운 프로그램들이 기다리고 있다. 맑은 하늘, 선선한 바람, 강변을 수놓은 꽃과 함께 한강 가을 정취를 만끽하며 이색 운동을 즐길 수 있다.
퇴근 후 한강으로 발걸음을 이끄는 달밤 한강에서의 댄스 음악 줄넘기, 어릴 적 신나게 방방이 타던 기억을 떠올리며 일주일 동안 쌓였던 스트레스를 날려버릴 점핑 피트니스, 한강 위에서 맞이하는 신선한 일요일 아침 패들보드 요가, 별이 빛나는 밤에 헤드폰에서 들려오는 익숙한 가요를 들으며 1990년~2000년대로 돌아가 두둠칫 몸을 움직이게 되는 한강 춤 파티가 준비되어 있다.
겸재 정선의 한강 그림 속을 떠다니는 선상 뱃놀이와 노을 지는 강변을 무대로 열리는 화려한 오케스트라와 우아한 발레 공연, 산만함 속에서 극한의 집중력을 겨루는 대회, 서울에서 아프리카의 다양한 매력까지 만날 수 있다.",02-120,음악,https://www.mcst.go.kr/attachFiles/cultureInfoCourt/localFestival/notifyFestival/1728002622678.jpg
서귀포칠십리축제,제주도 서귀포시,2024. 10. 18. ~ 10. 20. | 11:00~21:00,"서귀포칠십리축제는 서귀포의 아름다운 자연과 어우러진 여유로움을 즐기며, 색다른 문화를 만끽하고, 다양한 사람들과 함께 어울리는 지역 대표축제이다.",064-760-3942,문화,https://www.mcst.go.kr/attachFiles/cultureInfoCourt/localFestival/notifyFestival/1728349954328.jpg
광주김치축제,광주시 남구,2024. 10. 18. ~ 10. 20. | 10:00~20:00,"*하기 대표 먹거리 정보는 전년도(2023년) 축제 내용으로, 2024년도 먹거리 정보는 업데이트 중에 있습니다.*

광주는 예로부터 영산강을 중심으로 펼쳐진 평야와 산, 들, 바다가 한데 어우러져 오랫동안 자연의 혜택을 받으며 맛의 고장으로 자리 잡았다. 그중에서도 광주 김치는 가장 풍요로운 맛과 정취를 담고 있어 ‘전라도 김치’, ‘광주김치’라는 고유명사로 알려질 정도다. 광주 김치는 갖은 채소를 비롯해 멸치액젓과 찹쌀풀죽, 통깨 등 양념을 듬뿍 넣는 것이 특징이다. 신선한 재료를 골라 정성스럽게 손질하고 가장 기본적인 방법으로 담그는 것, 그리고 거기에 손맛을 더하는 것. 이것이 바로 광주김치의 특별 레시피다.  광주세계김치축제는 김치에 담긴 우리 고유의 음식문화와 전통을 만나는 시민 체험의 장이며, 대한민국 김치 대표 축제 로 모두가 함께 즐기는 축제의 장으로 김치관련 생산자와 소비자간의 거래와 홍보도 함께 이루어지는 알짜베기 축제라고 할 수 있다.",062-613-3955~6,먹거리,https://www.mcst.go.kr/attachFiles/cultureInfoCourt/localFestival/notifyFestival/1727397864283.jpg
강릉누들축제,강원도 강릉시,2024. 10. 18. ~ 10. 20. | 12:00-21:00,"장칼국수, 막국수, 짬뽕, 감자옹심이 칼국수 등 그 어느 지역보다 면 요리가 많은 사랑을 받고 있는 면의 도시 강릉에서 펼쳐지는 누들 축제. 각종 강릉 누들을 맛볼 수 있는 판매존은 물론, 관련한 볼거리와 즐길 거리가 가득하며, 강릉 대표 맛집부터 골목골목에 숨어있는 다양한 면 요리 맛집을 소개한다.",033-650-2145,먹거리,https://www.mcst.go.kr/attachFiles/cultureInfoCourt/localFestival/notifyFestival/1727658348167.jpg
라라라 페스티벌,부산시 금정구,"18일(금)14~20시/ 19일(토), 20일(일) 11:00 ~ 20:00","라라라 페스티벌은 ""달콤한 빵을 먹어라! 향긋한 커피를 마셔라! 즐거운 문화를 즐겨라!""라는 슬로건을 내걸고 개최되는 축제이다. 이 행사는 아름다운 가을날 부산대 지하철역 아래 온천천 일원에서 열리며, 참가자들은 금정의 커피, 빵, 그리고 다양한 문화 행사를 즐길 수 있다. 축제는 커피와 빵을 중심으로 한 다채로운 체험과 문화적 즐거움을 제공하며, 지역 주민들과 방문객들이 함께 어우러져 특별한 가을의 추억을 만들 수 있는 기회를 제공한다.",051-519-4422,문화,https://www.mcst.go.kr/attachFiles/cultureInfoCourt/localFestival/notifyFestival/1728265502154.jpg
UN평화축제,부산시 남구,2024. 10. 19. ~ 10. 20. | 11:00~20:30,"세계유일의 UN기념공원과 유엔평화문화특구가 위치한 곳으로, 유엔참전군인과 국군의 희생에 감사하며, 현재와 미래의 평화와 희망을 콘텐츠로 승화시킨 특별하고 차별화된 지역축제이다. 글로벌한 작은 지구촌 축제로 발전하기 위해, 특별한 팀으로 구성된 평화퍼레이드, 감동적이고 드라마틱한 개막식, 다양한 장르의 유명공연팀이 출연하는 평화콘서트와 피스풀뮤직페스티벌, 외국인이 직접 운영하는 세계문화체험, 그 외 다양한 버스킹공연과 체험프로그램으로 남녀노소 모두 즐길 수 있는 축제와 볼거리가 있는 문화관광도시 부산 남구의 대표 지역축제이다.",051-607-4064,음악,https://www.mcst.go.kr/attachFiles/cultureInfoCourt/localFestival/notifyFestival/1728521028931.jpg
파주개성인삼축제,경기도 파주시,2024. 10. 19. ~ 10. 20. | 09:00~17:00,"파주개성인삼축제는 ""즐겁게, 맛있게, 함께 하삼(蔘)""이라는 3가지 주제로 거리를 조성해 다양한 볼거리와 먹거리, 놀거리를 마련한다. 즐겁게(볼거리)부문은 총 20여개팀이 참가하는 장단삼백요리 전국 경연대회, 버스킹·무대공연, 전시관 등 다양한 볼거리를 제공하며 정보제공 및 소통을 위한 홍보관도 함께 진행한다. 맛있게(먹거리)부문은 파주개성인삼축제 본연의 목적을 위해 축제 기간동안 축제에 오는 모든 이들이 좋은 싱삼을 구입할 수 있도록 직거래 판매점을 운영한다. 함께(놀거리)부문은 다양한 연령층이 참여 가능한 유·무료 체험프로그램 운영, 인삼경매전 등을 운영한다.",031-940-5282,음악,https://www.mcst.go.kr/attachFiles/cultureInfoCourt/localFestival/notifyFestival/1727397828335.jpg
여주오곡나루축제,경기도 여주시,2024. 10. 18. ~ 10. 20. | 10:00~21:00,"여주오곡나루축제는 여주가 자랑하는 우수한 농특산물을 홍보하고, 조선시대 나루터를 이용해 여주의 농특산물을 왕에게 진상했던 역사적 배경을 바탕으로 옛 나루터의 정취를 재현해 여주의 맛과 멋을 즐길 수 있도록 한 축제이다.",031-881-9692,문화,https://www.mcst.go.kr/attachFiles/cultureInfoCourt/localFestival/notifyFestival/1726712145034.jpg
대전사이언스페스티벌,대전시 서구,2024. 10. 18. ~ 10. 20. | 10:00~22:00 (전시장은 17시30분까지),"대전사이언스페스티벌은 올해로 제27회째를 맞는 대한민국 대표 과학축제이다. 미래과학기술의 현재와 미래를 체험할 수 있는 과학과 문화가 융합된 축제로서, 과학수도 대전과 대덕연구개발특구의 우수한 과학문화를 향유할 수 있다. 신기술이 어우러진 개막행사를 비롯해, AI·로봇·드론·메타버스 등 과학기술 전시체험과 과학 경진대회, 과학자 버스킹 강연 등을 진행한다.",042-250-1273,문화,https://www.mcst.go.kr/attachFiles/cultureInfoCourt/localFestival/notifyFestival/1695616058942.jpg
정관생태하천학습문화축제,부산시 기장군,2024. 10. 18. ~ 10. 20. | 10:00~20:00,"부산 기장군의 젊은 도시, 정관을 가로지르는 생태하천 좌광천에서 펼쳐지는 학습?문화 페스티벌. 생태하천의 가치를 알리는 생태 환경 프로그램, 200여 개의 부스에서 경험하는 학습 체험 프로그램, 모든 연령대가 함께 즐길 수 있는 문화, 공연 프로그램을 제공한다. 이번 축제는 10주년 부산시 최우수축제 선정을 기념하고자 방문객과 지역 주민을 위한 더욱 풍성해진 이벤트와 행사가 준비되어 있다.",051-727-6444,음악,https://www.mcst.go.kr/attachFiles/cultureInfoCourt/localFestival/notifyFestival/1726709552633.png
이천쌀문화축제,경기도 이천시,2024. 10. 16. ~ 10. 20. | 09:00~18:00,이천쌀문화축제는 우리나라 주식이며 전국 최고의 미질을 자랑하는 이천의 대표적인 특산물인 쌀을 주제로 열리는 종합 문화관광축제이다. 어린세대가 전통 농경문화를 체험할 수 있고 어른들에게는 옛 향수를 자아내는 축제의 한마당으로 다양하고 재미있는 각종 행사가 열린다.,031-644-4135~7,문화,https://www.mcst.go.kr/attachFiles/cultureInfoCourt/localFestival/notifyFestival/1697501835265.png
아트밸리 아산 재즈페스티벌 with 자라섬,충청남도 아산시,"2024. 10. 18. ~ 10. 20. | 금 17:30 ~ 22:00 | 토, 일 15:30 ~ 22:00","아트밸리 아산 제2회 재즈페스티벌 with 자라섬은 매년 10월 신정호 야외음악당에서 개최되는 음악 축제이다. 아산 내 지역 밴드부터 국내외 유명 아티스트들을 신정호 야외음악당에서 만날 수 있으며 국제 재즈페스티벌 3개 축제 중 하나로 손꼽히는 자라섬 재즈 페스티벌과 연계하여 전문적이고 수준 높은 라인업을 계획하여 대중에게 친근하고 다가가는 재즈로 즐거움과 음악적 경험을 시민들에게 제공할 예정이다. 재즈 공연뿐만 아니라 체험 프로그램 및 푸드존이 운영되며, 편리한 교통 서비스를 위해 셔틀버스도 무료로 운영된다.",1422-42,음악,https://www.mcst.go.kr/attachFiles/cultureInfoCourt/localFestival/notifyFestival/1727314045133.png
보은대추 축제,충청북도 보은군,2024. 10. 11. ~ 10. 20. | 10:00~20:00,"2017년도에 이어 3회 연속 충북 농특산물 판매 활성화 최우수축제로 선정된 보은대추축제는, 임금님께 진상하였던 명품 보은 대추와 보은의 청정한 자연에서 자란 우수한 품질의 농특산물을 온라인 장터 및 생대추 주문 콜센터를 통해 쉽게 받아볼 수 있으며, 대추 및 농특산물 판매, 개폐막식 등 공연 프로그램, 다양한 체험활동 등을 즐길 수 있다.",043-540-3392,음악,https://www.mcst.go.kr/attachFiles/cultureInfoCourt/localFestival/notifyFestival/1725932343992.jpg
예산장터 삼국축제,충청남도 예산군,2024. 10. 17. ~ 10. 20. | 10:00~21:00,제8회 예산 장터 삼국 축제는 국화 국밥 국수를 콘텐츠로 하는 예산군 대표축제로 올해는 음식문화축제와 친환경을 중심으로 방문객들에게 예산군의 식도락 여행을 안내하는 가이드로서의 역할을 담당하고자 한다.,041-332-4317,먹거리,https://www.mcst.go.kr/attachFiles/cultureInfoCourt/localFestival/notifyFestival/1696899592792.jpg
진주 남강유등축제,경상남도 진주시,2024. 10. 5. ~ 10. 20. | 13:00~23:00,"*하기 행사 내용은 전년도(2023년) 행사 내용으로, 2024년도 행사 내용은 업데이트 중에 있습니다.*

대한민국 명예문화관광축제 진주남강유등축제는 경상남도 진주시 진주성과 진주남강에서 10월 5일 부터 20일까지 16일간 개최된다. 진주성과 진주남강의 수많은 화려한 유등과 함께 사랑다리 건너기, 소망등달기, 유람선 타기 등 다양한 체험과 불거리, 먹거리를 즐길 수 있다.",055-761-9111,먹거리,https://www.mcst.go.kr/attachFiles/cultureInfoCourt/localFestival/notifyFestival/1728349903957.png
친환경에너지 페스티벌,충청북도 음성군,2024. 10. 18. ~ 10. 20. | 10:00~17:00,"충북 레이크파크 르네상스 달성을 목표로 수열 에너지, 그린 수소, 수상태양광 등 물 에너지를 주제로 행사 개최하며, 충북의 탄소중립 저변 확대와 물 에너지 산업 중심의 에너지 신산업 대전환을 목표로 그린 수소 산업과 이차전지 등 에너지 산업을 한눈에 볼 수 있는 다채로운 행사이다. 에너지 정책관, 에너지 산업관 외 다양한 에너지원을 보고, 듣고, 만들어 보는 에너지 체험(교육) 관 등을 운영한다.",043-883-4637,문화,https://www.mcst.go.kr/attachFiles/cultureInfoCourt/localFestival/notifyFestival/1726709608291.jpg
인제가을꽃축제,강원도 인제군,2024. 9. 28. ~ 10. 20. | 09:00~17:00,"인제 가을꽃축제는 이야기가 있는 이색적인 꽃밭 공간을 연출해 특별함을 더했다. 프로그램으로는 국화정원 관람, 야생화 정원 관람, 대형 토피어리 및 조형물 관람, 수변 둘레길(폭포) 산책, 수상 조형물 관람, 트리 클라이밍 체험, 전망대 포토존, 상시 공연 관람, 이벤트 행사(영수증 이벤트, 방문 후기, 만족도조사), 농특산물 판매장, 음식점 등으로 구성되어 있다. 관람은 무료이며 일부 체험 프로그램은 유료로 운영하고 있다.",033-460-8900,음악,https://www.mcst.go.kr/attachFiles/cultureInfoCourt/localFestival/notifyFestival/1724806865679.jpg
자라섬재즈페스티벌,경기도 가평군,2024. 10. 18. ~ 10. 20. | 12:40~20:00,"올해로 21회를 맞이한 자라섬 재즈 페스티벌은 60개국에서 약 1300팀의 아티스트가 다녀간, 온 세대가 함께 즐길 수 있는 축제다. 2016년과 2018년에 문화체육관광부가 선정한 대한민국 대표 축제로, 2023년에는 아시아 최초로 세계 최대 재즈 네트워크 중 하나인 유럽 재즈 연합(EJN)에 가입하고 국제 뮤직 페스티벌 포럼(FWMF)의 회원이 되었다. 매년 10월, 자라섬과 가평 곳곳에서 열리는 이 축제는 자연, 가족, 휴식, 그리고 음악이 어우러진 특별한 행사다. 일상을 떠나 그림 같은 풍경 속에서 휴식을 취하며 음악을 즐길 수 있다.",031-581-2813,가족,https://www.mcst.go.kr/attachFiles/cultureInfoCourt/localFestival/notifyFestival/1726710686677.jpg
명량대첩축제,전라남도 해남군,"2024. 10. 18. ~ 10. 20, | 10:00~22:00","명량대첩축제는 삼도수군통제사로 재임명된 이순신 장군의 조선 수군과 전라도 어민이 1597년 9월 16일 울돌목에서 일본 수군을 물리친 세계사에서 유례없는 명량해전을 기념하는 호국 역사 문화축제이다.
전라남도, 진도군, 해남군이 함께 2008년부터 16회째 개최하는 이번 축제는 ICT 융복합 기술을 활용한 멀티미디어 해전과, 해군 군악의장대, 공군 에어쇼, 지역 공연 등 다양한 프로그램과 경관조명 등 볼거리로 관광객들의 이목을 끌 예정이다.",061-286-5265,음악,https://www.mcst.go.kr/attachFiles/cultureInfoCourt/localFestival/notifyFestival/1726711912867.jpg
세계유산축전 제주,제주도 제주시,2024. 10. 11. ~ 10. 22. | 프로그램별 상이,"자연이 만들어 낸 경이롭고 신비로운 제주와의 의미 있는 만남이 어느덧 5번째이다.

2007년, 제주는 국내 최초로 유네스코 세계자연유산에 등재되었고, 2020년부터 매년 이 가치를 알리기 위한 축전을 개최해 왔다.

 세계유산축전은 국가유산청과 국가유산진흥원이 유네스코 세계유산으로 등재된 국내 세계유산의 가치와 의미를 내·외국인들에게 알리고자 추진하는 사업이다.

 올해 세계유산축전 제주의 주제는 ""발견의 기쁨""이다.

 자연이 선사한 경이로움을 탐구하고, 탐험하며, 그 안에 보석 같은 이야기와 사람들을 발견하고 만나는 이번 축전은 세계유산이 갖는 제주의 특별한 매력을 국내외로 널리 알리고, 참여 세대를 확장하며 세계자연유산의 탁월한 보편적 가치와 학술적, 문화적 의미를 전함으로써, 제주도 브랜드 가치를 보다 더 높이고자 한다.

 2024년 10월, 워킹투어, 체험, 공연, 전시, 포럼 등 세계유산의 가치를 확산하고, 향유하는 프로그램을 통해 제주의 숨은 매력을 발견하며, 자연이 주는 위로와 힘의 선물도 받아 가시길 바란다. 동시에 세계유산을 지키고 보호하는 소중한 마음과 수호 실천 약속에도 참여 바란다.",064-755-2210,음악,https://www.mcst.go.kr/attachFiles/cultureInfoCourt/localFestival/notifyFestival/1725932412323.jpg
서울억새축제,서울시 마포구,2024. 10. 19. ~ 10. 25. | 09:00~21:00,"<서울억새축제>가 열리는 하늘공원은 과거 서울시 쓰레기 매립장이자 각종 쓰레기가 매립되어 만들어진 해발 98m의 인공 쓰레기 산으로, ’20년 FIFA 한·일 월드컵 개최에 맞춰 생태공원화하였다. 특히 하늘공원은 매립지의 척박한 환경이 자연으로 복원되는 변화를 표현하고자 억새를 심어 현재는 도심 속 광활한 억새밭에서 매년 10월 서울억새축제가 개최된다.",02-300-5581,꽃,https://www.mcst.go.kr/attachFiles/cultureInfoCourt/localFestival/notifyFestival/1728350002563.png
서초책있는거리 10월 북캠프,서울시 서초구,2024. 10. 25. ~ 2024. 10. 26.,"국립중앙도서관을 중심으로 한 반포 대로 일대에 책문화 축제가 화려하게 펼쳐진다. 올 한 해 5월, 6월, 9월, 10월까지 네 차례에 걸쳐 북 콘서트, 북마켓, 서리풀 독서 골든벨, 거리로 나온 동네 서점 등 계절 테마별 풍성한 프로그램으로 가득 찬다. 차로 가득한 반포 대로 도심 속, 힐링과 휴식의 공간 ‘서초 책 있는 거리’에서 온 가족이 책으로 행복한 하루를 보낼 수 있다.",02-2155-8636~8,가족,https://www.mcst.go.kr/attachFiles/cultureInfoCourt/localFestival/notifyFestival/1728521255116.jpg
성동구 구립도서관 북 페스티벌,서울시 성동구,2024. 10. 26. ~ 12:00~16:00,"공동 독서문화공간을 서울숲에 조성하여 인공지능(AI)을 주제로 체험, 전시, 작가와의 만남을 운영하여 시민 독서진흥에 기여하고자 한다.",02-2204-6424,문화,https://www.mcst.go.kr/attachFiles/cultureInfoCourt/localFestival/notifyFestival/1728265998271.png
쿰다 패스티벌,제주도 제주시,2024. 10. 26. | 09:00-18:00,"제주시 애월읍 수산리 마을 지역 기반으로 열리는 쿰다 패스티벌 애월 수산봉은 수산봉, 수산저수지, 수산트레킹, 수산올레길의 아름다움을 널리 알리는 제주 도민과 관광객 모두 함께 할 수 있는 지역 기반 축제이다. 제주 관광 기업 드르쿰다에서 후원하고 주최하여 다양한 행사 프로그램과, 축하공연, 사은품 등을 기획했으며, 이번 행사를 통해 애월읍 수산리의 아름다운 자연 경관을 널리 알릴 수 있는 지역 대표 축제가 될 수 있도록 준비했다. 메인 행사인 러닝&트레킹과 상금이 걸린 가요제, 수산봉과 수산저수지를 배경으로 하는 가을 운동회와 직접 참여 할 수 있는 체험 부스 등 적극적인 참가를 도모하는 프로그램들로 구성했다.",064-792-5688,음악,https://www.mcst.go.kr/attachFiles/cultureInfoCourt/localFestival/notifyFestival/1727658493846.jpg
쿰다 패스티벌,제주도 제주시,2024. 10. 26. | 09:00-18:00,"제주시 애월읍 수산리 마을 지역 기반으로 열리는 쿰다 패스티벌 애월 수산봉은 수산봉, 수산저수지, 수산트레킹, 수산올레길의 아름다움을 널리 알리는 제주 도민과 관광객 모두 함께 할 수 있는 지역 기반 축제이다. 제주 관광 기업 드르쿰다에서 후원하고 주최하여 다양한 행사 프로그램과, 축하공연, 사은품 등을 기획했으며, 이번 행사를 통해 애월읍 수산리의 아름다운 자연 경관을 널리 알릴 수 있는 지역 대표 축제가 될 수 있도록 준비했다. 메인 행사인 러닝&트레킹과 상금이 걸린 가요제, 수산봉과 수산저수지를 배경으로 하는 가을 운동회와 직접 참여 할 수 있는 체험 부스 등 적극적인 참가를 도모하는 프로그램들로 구성했다.",064-792-5688,음악,https://www.mcst.go.kr/attachFiles/cultureInfoCourt/localFestival/notifyFestival/1727658615720.jpg
전주페스타,전라북도 전주시,2024. 10. 3. ~ 10. 26. | 10:00~21:00,"전주페스타는 맛, 멋, 열정을 담은 전주의 다양한 축제들을 모아, 10월 한 달간 선보이는 전주 통합축제로, 2024년에는 ""10월, 더 맛있는 전주!""라는 슬로건 하에 문화도시 전주의 모든 것을 담아 전주종합경기장에서 10월 한 달간 개최된다. 전주를 대표하는 주요 축제들과 함께 전주페스타의 시작과 끝을 알리는 오프닝·클로징 무대, 전주 맛 콘텐츠, 전통놀이, 초대형 드론쇼, 레트로클럽, 술BOX 등  전주의 맛과 멋 그리고 열정을 보여주는 다채로운 콘텐츠를 10월 한 달간 매주 만나볼 수 있다.",063-281-2960,문화,https://www.mcst.go.kr/attachFiles/cultureInfoCourt/localFestival/notifyFestival/1727658806641.jpg
예술힐링놀이터,서울시 양천구,2024. 10. 26. | 12:00~18:00,"서울시 주요 정책사업인 탄생응원서울 프로젝트의 문화예술 프로젝트 일환으로 추진되는 <예술힐링놀이터>는 엄마아빠와 아이, 온가족의 힐링을 위한 문화예술 프로그램을 운영하여, 일상 속 예술적 휴식시간을 제공한다. 5월부터 10월까지 매달 마지막주 토요일,  온가족이 즐길 수 있는 공연, 야외 예술놀이터, 전시, 워크숍 등 다양한 볼거리와 재미를 선사할 예정이다.",02-2697-0014,가족,https://www.mcst.go.kr/attachFiles/cultureInfoCourt/localFestival/notifyFestival/1725495474493.jpg
정동문화축제,서울시 중구,2024. 10. 24. ~ 10. 26. | 12:00~17:00,"경향신문이 주최하는 제26회 정동문화축제가 10월24~26일 서울 중구 정동길과 온라인에서 열린다.
경향신문~프란치스코 교육회관~서울시립미술관~덕수궁 대한문으로 이어지는 정동길은 대한제국 시절 외교·문화 ·교육의 중심지였다. 역사와 전통이 살아 숨쉬는 정동길은 걷는 것만으로도 소확행(小確幸)을 느낄 수 있는 곳이다. 사흘간의 축제 기간 동안 정동로터리 무대에서는 유명가수의 다양한 공연이 펼쳐집니다. 거리에서 만나는 예술, 추억의 오락실, 풍금 연주하기, 캐리커처 등 시민참여 행사도 진행한다.",02-3701-1603,음악,https://www.mcst.go.kr/attachFiles/cultureInfoCourt/localFestival/notifyFestival/1728266198368.jpg
제주마 축제,제주도 제주시,2024. 10. 26. ~ 10. 27. | 09:30~17:00,"올해로 19회를 맞이하는 제주마 축제는 제주특별자치도의 대표 제주마 축제로 매년 수만 명의 도민과 관광객이 찾아와 즐기는 축제이다. 올해는 제주마축제를 비롯한 레클리스 제막식, 슈퍼콘서트, 드론 라이트쇼, 도지사배 대상경주 등 제주말에 대해 알 수 있는 공연 및 체험 프로그램을 비롯하여 어린이부터 청장년층까지 온 가족이 즐길 수 있는 체험 프로그램이 준비되어 방문객에게 풍성한 즐길 거리를 선보일 예정이다.",1566-3333,가족,https://www.mcst.go.kr/attachFiles/cultureInfoCourt/localFestival/notifyFestival/1728521506063.png
익산천만송이국화축제,전라북도 익산시,2024. 10. 18. ~ 10. 27. | 09:00~21:00,"익산천만송이국화축제는 2023.10.20~10.29 동안 열리는 도시와 농업이 상생하는 축제이며,  전국 최고 규모의 국화정원과 국화분재, 문화공연, 음악분수 등 다양한 볼거리와 즐길거리가 풍성한 축제이다.","063-859-4977,4334",음악,https://www.mcst.go.kr/attachFiles/cultureInfoCourt/localFestival/notifyFestival/1728351401182.jpg
보령김축제,충청남도 보령시,10월 26일 10:00~20:35 / 10월 27일 10:00~16:00,"시민이 즐거운 보령 김 축제는 10월에 대천해수욕장 머드광장 일원에서 열린다. 보령시 대표 특산품인 조미김 산업의 활성화를 통해 지역 경제를 도모하고, 보령시 대표축제를 새롭게 발굴해 사계절 관광도시로의 발전을 모색하고자 추진하게 됐다. 대표 행사로는 전국 아줌마 댄스 경영 대회 및 주부가요열창, 연예인 축하공연과 화려한 불꽃놀이 등과 더불어 지역민과 관광객이 함께하는 초대형 김밥 만들기 등이 열리고, 손 김 뜨기, 김 채취 등 체험행사와 수산물 소비촉진 행사 연계 추진 등 풍성한 프로그램으로 구성할 계획이다.
이와 함께 시민과 관객이 함께 먹고 즐길 수 있는 김, 각설이 관련 체험행사와 먹거리 장터 운영과 깜짝 세일 및 경품 행사 운영으로 다채롭고 풍성한 김 축제 이벤트 등이 마련된다.",041-930-6761,불꽃놀이,https://www.mcst.go.kr/attachFiles/cultureInfoCourt/localFestival/notifyFestival/1728350891144.jpg
김천김밥축제,경상북도 김천시,2024. 10. 26. ~ 10. 27. | 10:00~17:00,"2024 김천김밥축제에서는 김밥과 김천을 잇는 이야기에 유쾌한 긍정적 사고로의 전환과 김밥에 대한 추억, 공감, 희망 등 따뜻한 정서를 모두 느낄 수 있다.",054-420-6637,먹거리,https://www.mcst.go.kr/attachFiles/cultureInfoCourt/localFestival/notifyFestival/1728350583176.png
전국돌문화축제,전라북도 익산시,2024.10.26~2024.10.27,"익산 석재와 문화?예술이 결합된 체험형 축제로 석재의 아름다움과 그 역사적 가치를 경험할 수 있으며, 인터렉션 미디어아트와 애니메이션 콘텐츠 전시를 통해 평소 접하기 어려운 익산 석재의 매력을 느낄 수 있다. 또한 채석장 투어를 통해 석재가 채굴되는 공간을 방문하고, 채석에 사용되는 중장비들도 실제로 만나 볼 수 있으며 축제 현장에는 다양한 석재 관련 체험 프로그램과 먹거리, 개막 공연 등 풍성한 이벤트도 준비되어 있다.",0507-1384-1892,음악,https://www.mcst.go.kr/attachFiles/cultureInfoCourt/localFestival/notifyFestival/1728521368227.jpg
포천 농특산물 대축제,경기도 포천시,2024. 10. 26. ~ 10. 27. | 10:00~20:30,2024 포천 농특산물 대축제가 2024년 10월 26일부터 10월 27일까지 2일간 포천종합운동장 일원에서 개최된다. 포천에서 생산되는 우수한 농축산물과 전통주를 함께 즐기는 맛과 흥이 살아있는 축제이며 다양한 볼거리와 즐길거리가 준비되어 있다. 축제가 진행되는 2일간 포천의 질 좋은 농축산물과 다양한 공연 및 체험프로그램을 제공할 예정이다.,031-538-6806,음악,https://www.mcst.go.kr/attachFiles/cultureInfoCourt/localFestival/notifyFestival/1727314648624.jpg
연천국화축제,경기도 연천군,2024. 10. 18. ~ 10. 27. | 09:00~18:00,"10월 유네스코가 인증한 자연환경을 품은 연천 전곡리 선사유적지에서 국화꽃 향기로 가득한 가을을 만끽할 수 있다. 국화꽃과 가을 하늘을 담은 거울 게이트 함께 사진도 찍고 국화꽃으로 물들인 커다란 꽃 조형물, 자태가 아름다운 국화분재와 드넓은 국화정원을 관람할 수 있다. 제철 농산물을 구입할 수 있는 장터와 각종 먹거리 판매 및 주말은 눈과 귀를 즐겁게 해주는 다양한 공연이 준비되어 있으며 선선한 가을 수도권 제일의 국화꽃 향연을 즐길 수 있다.",031- 839-4214,음악,https://www.mcst.go.kr/attachFiles/cultureInfoCourt/localFestival/notifyFestival/1696901382334.jpg
조선통신사역사관 체험프로그램,부산시 동구,2024. 10. 26. ~ 10. 27. | 11:00~17:00,"조선통신사역사관 체험프로그램 시즌2는 조선통신사에 대해 쉽게 배울 수 있도록 조선통신사역사관만의 콘텐츠를 선보이는 체험프로그램 행사이다. 지난 5월 4일-5일 양일간 조선통신사 축제 기간에 맞추어 시즌1이 진행되었으며, 이번 10월에는 조선통신사 기록물 유네스코 세계기록유산 등재 기간에 맞추어 시즌2가 진행된다. 조선통신사역사관 및 영가대 일대에서 진행되는 이번 조선통신사역사관 체험프로그램 시즌2는 조선통신사와 관련된 체험프로그램, 사전 신청프로그램, 부대행사 등 다양한 프로그램이 준비되어 있어, 직접 300여 년 전 조선통신사의 하루를 보내볼 수 있다.",051-301-1560,문화,https://www.mcst.go.kr/attachFiles/cultureInfoCourt/localFestival/notifyFestival/1727314242874.jpg
국가유산 미디어아트 강릉대도호부관아,강원도 강릉시,2024. 10. 5. ~ 10. 27. | 19:00~22:00,시간과 공간을 초월한 개혁적 사상가인 율곡이이와 파란만장한 삶을 살다 간 혁명가 교산 허균의 세계를 시공간을 초월한 미디어아트로 재조명한다.  시민들에게 미술관에 가지 않아도 헤리티지와 디지털 아트가 결합한 관람형 콘텐츠로 쉽게 감상할 수 있는 연출로 구성하여 볼거리. 즐길 거리. 체험과 교육을 수반한 Interactive Media art 전시로 관람객의 참여와 체험 형식의 창의적 아름다움이 존재하는 미디어아트로 연출한다.,033-823-3206,문화,https://www.mcst.go.kr/attachFiles/cultureInfoCourt/localFestival/notifyFestival/1725586981491.jpg
고창청농원 핑크뮬리시즌,전라북도 고창군,2024. 9. 20. ~ 10. 27. | 09:00~18:00(17:00 마지막 입장),"전라북도 고창군 공음면에 위치한 고창청농원에서 가을을 맞아 핑크뮬리시즌을 개최한다. 

청농원의 핑크뮬리 정원은 약 5000여평에 걸친 분홍 갈대밭과 가을에 만나볼 수 있는 화훼들로 만개시기엔 넘실대는 핑크빛 물결로 장관을 이룬다. 이번 시즌 정원 윗밭엔 흰 메밀도 같이 심어 핑크뮬리와 흰 메밀의 조화로움도 느껴볼 수 있다.


마을의 옛 이름인 맑은 개을가 마을이라는 뜻의 청천(?川) 마을에서 따온 말인 청농원은 2만여평의 넓은 공간에 옛 정취를 그대로 간직한 한옥 술암제, 여행자들의 쉼터 , 넘실대는 분홍빛 물결의 핑크뮬리 정원, 보랏빛 향기를 머금은 라벤더 정원(5월-6월경)이 조성되어 있다. 

또한 걷는 동안 지루하지 않게 곳곳에 다양한 포토존을 설치하였으니 사진 찍는 재미도 느낄 수 있다.

한옥의 넓은 마당에서 아이들은 반려동물과 함께 뛰어놀고 소나무 숲과 대나무 숲에서 바람에 이는 나뭇잎 소리를 벗삼아 공기 맑고 깨끗한 자연 속에서 편히 쉬었다 가시는 공간이 되길 소망한다.",https://www.instagram.com/gochang_bluefarm/,가족,https://www.mcst.go.kr/attachFiles/cultureInfoCourt/localFestival/notifyFestival/1724114327838.jpg
밤가시초가 마실가자,경기도 고양시,2024. 4. 6. ~ 10. 27. | 13:00~17:00,"밤가시초가 마실가자는 현재 경기도에 남아있는 유일한 똬리 지붕 초가인 고양시 밤가시초가에서 진행된다. 본 행사는 일산 밤가시초가를 활용하여 시민들에게 일산밤가시초가를 향유할 수 있는 다양한 체험프로그램 진행함과 동시에 초가를 보전하는 역할을 수행하며, 나아가 국가유산으로서의 가치를 알리는 프로그램이다. 운영 프로그램으로는 매주 주말마다 상시로 운영되는 대표 프로그램 초가의 일상이 있다. 이외에도 밤가시초가 전통과학캠프 프로그램, 시끌벅적 밤가시초가 프로그램이 있으며, 보다 자세한 정보는 컬처앤로드 블로그에서 확인할 수 있다.",070-4290-6968,문화,https://www.mcst.go.kr/attachFiles/cultureInfoCourt/localFestival/notifyFestival/1720053251505.jpg
포천 산정호수 명성산 억새꽃축제,경기도 포천시,2024. 10. 11. ~ 10. 27.,"매년 가을 포천 명성산 억새군락지에서 펼쳐지는 억새꽃축제이다. 
명성산(해발 923m)에서는 매년 15만㎡의 넓은 벌판에 10월 중순에서 11월 초까지 만개한 억새꽃이 바람과 함께 춤추는 장관이 펼쳐진다.
10월 11일(금)부터 27일(일)까지 포천을 대표하는 가을 축제인 제27회 포천 산정호수 명성산 억새꽃 축제가 명성산 억새군락지 및 산정호수 일원에서 개최된다. 자연과 문화예술이 결합된 친환경, 감성형 축제의 콘셉트에 맞게 1년 후에 받는 편지-빨간 우체통, 억새 소원 빌기-억새게 운 좋은날, 산정호수 및 억새꽃 인생사진관 등의 다양한 프로그램이 운영될 예정이다.",031-535-5012,꽃,https://www.mcst.go.kr/attachFiles/cultureInfoCourt/localFestival/notifyFestival/1728002994394.jpg
이천인삼축제,경기도 이천시,2024. 10. 25. ~ 10. 27. | 10:00~17:00,"국내 최대의 인삼생산인 이천에서 키운 명품인삼을 널리 알리기 위해 2015년부터 시작된 행사로, 이천인삼의 건강한 기운을 나눔은 물론, 체험행사, 풍성한 볼거리, 즐길거리가 준비되어 있다.",031-635-2429,먹거리,https://www.mcst.go.kr/attachFiles/cultureInfoCourt/localFestival/notifyFestival/1696984521525.png
연천율무축제,경기도 연천군,2024. 10. 25. ~ 10. 27. | 10:00~17:00,"“연천율무 축제(농특산물 큰 장터)”는 시골 농부의 넉넉한 인심을 담아 남쪽의 비옥한 토지와 북쪽의 깨끗한 물에서 정성으로 생산된 연천의 청정 먹거리를 저렴한 가격에 구입할 수 있다. 또한 농경문화체험, 전시, 공연 및 먹거리가 한데 어우러져 있어 시골장터의 흥겨운 분위기를 느낄 수 있다.",031-839-2314,음악,https://www.mcst.go.kr/attachFiles/cultureInfoCourt/localFestival/notifyFestival/1728521544535.jpg
사천에어쇼,경상남도 사천시,2024. 10. 24. ~ 10. 27. | 09:00 ~ 17:00,"2024 사천 에어쇼가 10월 24일(목)부터 10월 27일(일)까지 개최된다. 경남 사천은 대한민국 최초의 항공기인 부활호를 제작하고 운용한 발원지로, 국내 유일의 항공기 자체 생산 및 수출 기업인 한국항공우주산업(주)과 다수의 우주항공산업체들이 활동하는 우주항공산업의 중심도시다. 이번 에어쇼에서는 무료 체험 비행, 블랙이글스 에어쇼, 호주 폴 베넷의 곡예비행 에어쇼, 전투기 가상(VR) 체험, 드론 체험, 항공기 지상 전시, 수출상담회 등 우주항공 산업과 관련된 다양한 행사가 진행될 예정이다.",055-831-2061,문화,https://www.mcst.go.kr/attachFiles/cultureInfoCourt/localFestival/notifyFestival/1696384571433.jpg
부산민속예술제,부산시 부산진구,2024. 10. 26. ~ 10. 27. | 11:00~17:00,"역사도시 부산 문화유산의 우수성을 널리 알리고, 시민들에게 전통민속문화 향유기회를 제공하고자 「부산민속예술제」가 매년 가을 개최된다. 문화유산을 기반으로 한 시민참여형 축제로부산지역 무형문화재뿐만 아니라 타시도 무형문화재를 초청하여 공연 및 체험교실을 연다. 다양한 체험과 놀이를 즐기다 보면 자연스럽게 문화유산과 가까워진다.",051-717-2641,음악,https://www.mcst.go.kr/attachFiles/cultureInfoCourt/localFestival/notifyFestival/1727314416077.jpg
곡성심청어린이대축제,전라남도 곡성군,2024. 10. 24. ~ 10. 27.,"매년 10월, 곡성 섬진강기차마을에서 어린이를 동반한 가족들을 위해 어린이 눈높이에 맞춘 축제를 개최한다. 인기 캐릭터 싱어롱쇼와 어린이 연극, 마술, 각종 체험 프로그램을 즐기고 경품 이벤트도 참여 할 수 있다.",061-360-8471,가족,https://www.mcst.go.kr/attachFiles/cultureInfoCourt/localFestival/notifyFestival/1695775381136.jpg
부산고등어축제,부산시 서구,2024. 10. 25. ~ 10. 27. | 10:00~21:00,"부산고등어축제는 송도용궁구름다리, 송도구름산책로, 송도해상케이블카 등 다양한 관광 자원을 보유한 대한민국 제1호 공설해수욕장이자 대한민국 핫 플레이스로 각광받고 있는 송도해수욕장에서 2008년부터 매년 10월 중에 개최되고 있다.연근해에서 생산되는 고등어의 90% 가량을 어획하고 있는 대형선망수협과 전국 고등어 물량의 80%가 거래되고 있는 부산공동어시장이 소재한 지역 특성을 활용하여 먹거리, 문화예술, 관광자원과 연계한 축제의 관광 상품화를 통해 지역 경제 활성화와 관광산업 육성의 시너지 효과를 창출하고자 기획되었다. 

국민생선 고등어를 테마로 수산업 관계자와 지역 주민이 함께 기획하고 참여·홍보함으로써 단순한 먹거리 축제가 아닌 볼거리, 즐길거리가 있는 문화예술축제이자 수산 관련 산업을 육성·발전시키는 축제이다. 대표 프로그램인 부산공동어시장 현장체험, 맨손 고등어 잡기, 고등어 깜짝 경매를 비롯한 카약타고 고등어 찾기, 고등어 요리왕을 찾아라, 고등어맨 종이배 경주대회, 수산기업홍보관, 고등어 먹거리장터 등 독특하고 참신한 체험·투어·전시·경연·공연 프로그램을 운영한다.",051-231-4085,음악,https://www.mcst.go.kr/attachFiles/cultureInfoCourt/localFestival/notifyFestival/1727315090202.jpg
경산대추축제 & 농산물한마당,경상북도 경산시,2024. 10. 25. ~ 10. 27. | 10:00~19:00,"2006년부터 시작된 경산대추축제는 대한민국 대추 생산 1위를 자랑하는 경산의 대표 농산물로서 경산대추의 우수성과 품질을 확인할 수 있다. 대추 깜짝 이벤트와 각종 공연, 인기가수 공연이 함께한다.",053-811-2538,음악,https://www.mcst.go.kr/attachFiles/cultureInfoCourt/localFestival/notifyFestival/1727314697113.jpg
양재 아트 살롱,서울시 서초구,2024. 10. 5. ~ 10. 27. | 매주 토요일 11:00 ~ 21:00,"양재천길 수변무대에서 이루어지는 매주 다양한 장르의 특별공연과 거리 노래방, 산책로를 거닐며 나의 취향을 찾아 둘러볼 수 있는 수공예품 플리마켓, 잔디광장의 해치와 함께하는 달빛 놀이터에서 영수증 사진 찍기등 다양한 체험, 영동1교 하부에서 개성 넘치는 푸드트럭까지 즐길 수 있다. 소상공인들과 작가, 지역주민, 방문객 모두에게 가치 있는 콘텐츠들로 가득하고 매주 다양한 프로그램으로 양재의 힙한 매력을 느낄 수 있다.",02-6952-6260,음악,https://www.mcst.go.kr/attachFiles/cultureInfoCourt/localFestival/notifyFestival/1713919154327.png
문경사과축제,경상북도 문경시,2024. 10. 19. ~ 10. 27. | 09:00~18:00,"문경은 중산간 지역으로 밤낮의 높은 일교차와 비옥한 토질, 청정자연환경에서 재배되어 육질이 단단하고 향이 짙으며 당도가 높은 꿀사과이다.문경사과 농가는 맛있고 안전한 사과를 생산하기 위하여 기술교육을 이수하였다. 문경사과축제는 평균 당도 16.5브릭스로 맛과 향에서 전국 최고를 자랑하는 국가대표 명품 문경감홍사과를 주제로 한 이벤트 행사 및 홍보·판매행사를 진행하여 문경감홍사과의 우수성을 소비자들에게 널리 홍보하고, 온라인 스토어를 운영하여 직접 축제장을 찾을 수 없는 소비자에게 문경 사과를 구입할 수 있는 기회를 마련하는 축제이다.",054-571-7677,먹거리,https://www.mcst.go.kr/attachFiles/cultureInfoCourt/localFestival/notifyFestival/1726712209999.jpg
강릉커피축제,강원도 강릉시,2024. 10. 24. ~ 10. 27. | 10:00~22:00,"강원도 강릉은 한국에서 유일하게 차문화유적지가 남아있는 도시이자 유명 바리스타들이 자리를 잡고 활동하고 있는 한국 커피의 중심지이다.강릉에서 매년 가을, 향긋한 커피향과 함께하는 강릉커피축제를 개최하고 있다.아름다운 강릉에서 바다를 바라보며 커피 한 잔의 여유를 즐길 수 있다.",033-647-6802,문화,https://www.mcst.go.kr/attachFiles/cultureInfoCourt/localFestival/notifyFestival/1727315044562.jpg
부천국제애니메이션페스티벌(BIAF),경기도 부천시,2024. 10. 25. ~ 10. 29. | 09:30~20:00,"부천국제애니메이션페스티벌(BIAF)은 1999년도부터 매년 경기도 부천시에서 열리는 아시아에서 가장 큰 규모의 국제 애니메이션 영화제이다.
2017년 12월 대한민국 최초 아카데미 공식지정 국제 애니메이션 영화제로서 애니메이션 장르의 매력을 전파하고 애니메이션의 예술과 산업의 중심 역할을 하고 있다. 

올해 26회를 맞이한 BIAF에서는 한국 장편 애니메이션 개막작 <연의 편지>를 시작으로 국내에서는 볼수 없었던 총 34개국 122편의 애니메이션을 상영할 예정이며 애니메이션콘텐츠마켓, 학술포럼, 전시·부대행사, 체험공간 등 다채로운 애니메이션 관련 행사가 함께 진행될 예정이다.",032-325-2061,문화,https://www.mcst.go.kr/attachFiles/cultureInfoCourt/localFestival/notifyFestival/1697070674425.jpg
구팔일 선셋 레이스,제주도 제주시,2024. 7. 20. ~ 10. 31. | 09:00~18:00,"여름 시즌에만 경험 가능한 선셋 레이스 즐기고, 여름 한정 디저트 초당 옥수수 오나츠와 망고 오나츠 를 맛볼 수 있다. 브로콜리지에서 청귤 가득 들어가 시원 상큼한 청규르 메밀국수와 여름 느낌 물씬 나는 새싹 채소 가득 들어간 동백기름 메밀국수, 한정판 흑돼지 400 돈가스까지 준비되어 있다. 제주 노을 보면서 레이스 즐기고, 여름 메뉴까지 맛 볼 수 있다.",1833-9810,먹거리,https://www.mcst.go.kr/attachFiles/cultureInfoCourt/localFestival/notifyFestival/1723076113047.png
홍성남당항 대하축제,충청남도 홍성군,2024. 8. 30. ~ 10. 31. | 9:00~24:00,"서해안 가을 대표 먹거리 ‘대하’는 전국 어느 곳에 누구에게 물어봐도 ‘대하’하면 홍성 남당리를 떠올린다. 그 이유는 한 번이라도 홍성 남당리를 찾아 대하의 맛을 본 사람이라면 그 담백한 맛과 구수한 향을 잊지 못해서 일 것이다. 
꽃게, 새조개, 주꾸미 등의 어종이 풍부한 남당항은 천수만에 위치한 청정 어항으로, 9월 초순에서 10월 중순에는 대하를 찾아 전국에서 모여든 미식가들의 발길이 끊이지 않는 우리나라 최대의 대하축제가 열리는 곳이다. 남당리 대하축제는 매년 9~10월경에 열리고, 축제 기간 남당항을 방문하면 맨손대하잡이 체험과 아름다운 낙조를 만나볼 수 있다.",041-634-0104,꽃,https://www.mcst.go.kr/attachFiles/cultureInfoCourt/localFestival/notifyFestival/1723770764902.jpg
수라간 시식공감,서울시 종로구,2024. 10. 23. ~ 10. 31. | 18:00~21:00,"수라간 시식공감은 궁중 문화를 보고 먹고 즐기고 감동한다는 視 시각, 食 음식, 公 공연, 感 감동을 주제로 궁중음식문화를 직접 체험해 보는 전통문화 복합체험 프로그램이다.",1522-2295,음악,https://www.mcst.go.kr/attachFiles/cultureInfoCourt/localFestival/notifyFestival/1727831172647.png
경복궁 생과방,서울시 종로구,2024. 9. 4. ~ 10. 31. | 10:00~16:40,"경복궁 소주방 전각에 위치한 생과방은 궁중의 육 처소(六處所) 가운데 하나이며, 국왕과 왕비의 후식과 별식을 준비하던 곳으로 생물방이라고도 불렸다. 경복궁 생과방 프로그램은 조선왕조실록의 내용을 토대로 실제 임금이 먹었던 궁중병과와 궁중 약차를 오늘날에도 즐길 수 있도록 구성된 유료 체험 프로그램이다.",1522-2295,문화,https://www.mcst.go.kr/attachFiles/cultureInfoCourt/localFestival/notifyFestival/1722905018015.jpg
별바다부산 나이트페스타,부산시 영도구,2024. 7. 1. ~ 10. 31.,"한국관광공사와 부산광역시, 부산관광공사가 함께 ""2024 별바다부산 나이트페스타""를 개최한다. ""별바다부산 나이트페스타""는 2022년 영도구, 2023년 사하구 등에서 개최되어 부산의 밤을 즐길 수 있는 다채로운 야간관광 프로그램을 선보여 뜨거운 반응을 얻은 바 있으며, 올해는 더욱 다양한 프로그램으로 부산을 찾은 관광객들을 반길 예정이다.","051-626-8817 (나이트 뮤직캠크닉 운영사무국) 
051-626-8816 (나이트 미션투어 운영사무국) 
051-711-1789 (나이트 리버 디너크루즈 운영사무국) 
051-717-2643 (나이트 팝업 / 플리마켓 운영사무국)",불꽃놀이,https://www.mcst.go.kr/attachFiles/cultureInfoCourt/localFestival/notifyFestival/1721867307126.jpg
광진 생활문화예술축제,서울시 광진구,2024. 11. 1. ~ 11. 2. | 13:00~20:00,"""광진 생활문화예술축제""는 지역 예술인들이 함께 모여 소통하고 교류하여 만들어가는 축제이다. 생활 속에서 예술을 즐길 수 있는 다양한 프로그램(공연, 전시, 체험부스 등)을 준비중이다. 구민들이 쉽게 참여할 수 있는 문화예술 활동을 통해 생활문화의 기반을 다지는 기회가 될 것이다.",02-450-7573,음악,https://www.mcst.go.kr/attachFiles/cultureInfoCourt/localFestival/notifyFestival/1728003110444.jpg
예산황토사과축제,충청남도 예산군,2024. 11. 1. ~ 11. 2. | 10:00~21:00,"예산 황토사과 101년, 제21회 예산 황토사과축제에서는 그동안의 역사와 전통을 바탕으로 새롭게 시작하는 예산 황토사과의 100년을 기념하며 다양한 프로그램과 부대행사 등으로 예산 황토사과를 홍보하는 즐거운 축제로 여러분을 초대하고자 합니다.",041-332-3506,먹거리,https://www.mcst.go.kr/attachFiles/cultureInfoCourt/localFestival/notifyFestival/1727831336054.jpg
군산짬뽕페스티벌,전라북도 군산시,2024. 11. 1. ~ 11. 2. | 11:00~21:00,"70년 짬뽕 역사의 도시, 군산에서 11월 1일부터 2일까지, 2일간 짬뽕 페스티벌이 개최된다. 쌀쌀한 늦가을철 얼큰, 화끈, 개운한 국물 베이스인 해물 가득한 짬뽕, 고기짬뽕, 삼선짬뽕 등 다양한 짬뽕을 축제장에서 선보인다. 군산 전역의 짬뽕집 투어 이벤트와 일본 짬뽕, 태국 짬뽕 등 세계 이색 짬뽕도 맛볼 수 있다.",063-454-3413,문화,https://www.mcst.go.kr/attachFiles/cultureInfoCourt/localFestival/notifyFestival/1727831254084.jpg
중앙동 한바퀴,전라북도 익산시,2024. 10. 5. ~ 11. 2.,"중앙동 한바퀴는 참가자가 익산 중앙동 일대를 누비며 중앙동 일대가 커다란 놀이 공간으로 인식될 수 있도록 오프라인으로 진행되는 RPG 프로그램이다. 지역 상권과 협력하여 다양한 미션을 수행하는 방식으로, 참가자들은 현실 세계에서 게임 속 캐릭터처럼 활동하게 된다. QR 코드 활용해 실시간으로 미션을 해결하며 중앙동 곳곳을 탐험하고, 지역 상인들과 상호작용하면서 새로운 경험을 할 수 있다. 이 프로그램은 익산시의 여러 장소와 전통시장을 탐험하며 지역 문화를 체험하는 기회를 제공한다. 또한, 참가자들은 계절별 축제와 연계된 특별한 이벤트를 경험하며, 익산의 역사와 전통을 생동감 있게 느낄 수 있다.",053-253-0515,문화,https://www.mcst.go.kr/attachFiles/cultureInfoCourt/localFestival/notifyFestival/1726797126270.jpg
밤의 석조전,서울시 중구,2024. 9. 24. ~ 11. 2. | 18:15~21:00,"<밤의 석조전>은 전문 해설사와 함께하는 석조전 야간 탐방과 클래식 연주를 들으며 고종이 사랑했던 가배차(커피)와 디저트를 즐기는 테라스 카페 체험, 고종 황제의 이야기를 담은 고종, 대한의 꿈 뮤지컬 공연 관람으로 구성되어 있는 덕수궁 야간 관람 프로그램이다. 2021년 시범 사업을 시작으로 높은 만족도와 호응에 힘입어 2022년 정식 개최되었으며, 2023년부터 반기별로 운영되고 있다. 궁인의 안내에 따라 대한제국 황실의 이야기를 품은 덕수궁 석조전으로 시간 여행을 떠나는 특별한 경험을 선사한다.",1522-2295 (궁능 활용 프로그램 전화 상담실),불꽃놀이,https://www.mcst.go.kr/attachFiles/cultureInfoCourt/localFestival/notifyFestival/1714363503941.jpg
영덕펀박스레이스,경상북도 영덕군,2024. 11. 2. ~ 11. 3. | 10:00~21:00,"영덕펀박스레이스는 폐자재를 활용한 자동차로 언덕을 내려오는 ?무동력 자동차 경주대회입니다. 대회 참가팀은 직접 자동차를 제작하고 영덕펀박스레이스에 참가한다. 대회에서는 각 팀의 인터뷰와 퍼포먼스 그리고 다운힐 레이스가 펼쳐진다. 
?영덕펀박스레이스는 2023년 국내 최초로 영덕에서 대회가 진행되어 총 12팀이 참가하였다.
?첫번째 우승은 포항의 학생들로 구성된 농부들팀이 수상하였으며,
영덕에서 출전한 가족팀 하하네와 뚝딱이네가 각각 2위와 3위를 차지하였다.
올해는 현장 대형 전광판 영상 중계, 인터넷 생중계, 현장 체험 프로그램, 푸드트럭 등
펀박스레이스를 즐기는 방법이 더 확충될 예정이다.",054-730-5830,가족,https://www.mcst.go.kr/attachFiles/cultureInfoCourt/localFestival/notifyFestival/1728521622171.jpg
퍼스트가든 국화축제,경기도 파주시,"2024. 10. 1. ~ 11. 3. | 10:00 ~ 22:00(입장마감 21:00), 연중무휴","파주에 위치한 퍼스트가든에서 2024년 가을을 맞이해 10월 1일부터 11월 2일까지, 국화축제를 개최한다.
2만평의 부지에 그리스 아테네 신전을 모티브로 한 23개 유럽풍 테마정원 전체를 가로지르는 꽃수로길과 토스카나길을 국화로 장식해 가을 분위기를 즐길 수 있다. 
특히 일몰시간에는 낙조와 함께 별빛이 흐르는 정원을 테마로 1,200만개의 조명이 국화와 어우러져 신비로운 야경을 감상할 수 있어 낮과는 전혀 다른 화려한 풍경을 만나볼 수 있다.
또한, 메인 정원인 자수화단을 한눈에 조망할 수 있는 대형 베이커리 카페와 레스토랑 등 다양한 먹거리를 비롯해 동물 먹이주기 체험, 공포체험 등 다양한 체험 시설을 함께 운영하고 있어 하루 종일 다양한 컨텐츠를 즐길 수 있다.
퍼스트가든은 BTS 지민의 GQ 화보를 비롯해 드라마 굿파트너, 미씽, 구미호뎐, 유미의 세포들 등 K-콘텐츠 촬영지의 중심으로서 수많은 셀럽들의 사진 명소와 다양한 드라마, CF, 뮤직비디오 촬영지로도 유명해 가을꽃들과 함께 드라마 속 주인공이 되어볼 수 있다.파주에 위치한 퍼스트가든에서 2024년 가을을 맞이해 10월 1일부터 11월 2일까지, 국화축제를 개최한다.
2만평의 부지에 그리스 아테네 신전을 모티브로 한 23개 유럽풍 테마정원 전체를 가로지르는 꽃수로길과 토스카나길을 국화로 장식해 가을 분위기를 즐길 수 있다. 
특히 일몰시간에는 낙조와 함께 별빛이 흐르는 정원을 테마로 1,200만개의 조명이 국화와 어우러져 신비로운 야경을 감상할 수 있어 낮과는 전혀 다른 화려한 풍경을 만나볼 수 있다.
또한, 메인 정원인 자수화단을 한눈에 조망할 수 있는 대형 베이커리 카페와 레스토랑 등 다양한 먹거리를 비롯해 동물 먹이주기 체험, 공포체험 등 다양한 체험 시설을 함께 운영하고 있어 하루 종일 다양한 컨텐츠를 즐길 수 있다.
퍼스트가든은 BTS 지민의 GQ 화보를 비롯해 드라마 굿파트너, 미씽, 구미호뎐, 유미의 세포들 등 K-콘텐츠 촬영지의 중심으로서 수많은 셀럽들의 사진 명소와 다양한 드라마, CF, 뮤직비디오 촬영지로도 유명해 가을꽃들과 함께 드라마 속 주인공이 되어볼 수 있다.",031-957-6861,음악,https://www.mcst.go.kr/attachFiles/cultureInfoCourt/localFestival/notifyFestival/1728351959286.jpg
화순 고인돌 가을꽃 축제,전라남도 화순군,2024. 10. 18. ~ 11. 3. | 09:00~18:00,"매년 10월 가을꽃의 개화시기에 맞춰 유네스코 세계문화유산에 등재된 고인돌 유적지에서 개최되는 축제이다. 역사적 의미가 깊은 고인돌 유적지에서 코스모스, 국화, 해바라기 등 가을꽃의 청취를 느낄 수 있는 힐링 축제이다. 2024 화순 고인돌 가을꽃 축제는 10월, 낭만 화순을 주제로 10월 18일부터 11월 3일까지 17일간 개최된다. 풍성한 해바라기밭에서 즐기는 화순미림(美林) 야외카페, 가을 날씨 속에서 책과 함께할 수 있는 고인돌 책방 등 쉼과 여유를 느낄 수 있는 프로그램, 공연, 체험, 전시행사가 펼쳐진다. 올해는 다회용기 사용을 통한 친환경 축제, 가을꽃 축제에서만 만날 수 있는 각종 디저트 판매 등 새로운 모습으로 관광객을 맞이할 계획이다.",061-379-3575~7,음악,https://www.mcst.go.kr/attachFiles/cultureInfoCourt/localFestival/notifyFestival/1728351730382.png
영덕생활문화축제,경상북도 영덕군,2024. 10. 26. ~ 11. 3.,"영덕군민들이 만들어가는 장엄한 퍼레이드 퍼포먼스와 다양한 장르의 생활문화 공연이 펼쳐진다. 그리고 전국 청소년들이 모여 끼와 재능을 펼치는 댄스 경연 대회까지 준비되어 있다. 동기간 개최되는 영덕 업사이클링 아트 페스타, 영덕 펀박스 레이스와 연계하여 즐겁고 다양한 이벤트들이 많이 준비되어 있다.",054-730-5830,가족,https://www.mcst.go.kr/attachFiles/cultureInfoCourt/localFestival/notifyFestival/1728266295275.jpg
마산가고파국화축제,경상남도 창원시,2024. 10. 26. ~ 11. 3. | 09:00~22:00,"제24회 마산가고파국화축제가 2024.10.26.~11.3. 9일간 3·15해양누리공원 및 합포수변공원 일원에서 개최된다. 창원(옛 마산)은 우리나라 최초로 국화 상업 재배를 시작해 온화한 기후와 뛰어난 기술력으로 전국 최고 품질의 국화를 생산한다. 2000년부터 이어온 마산국화축제는 푸른 마산 앞바다를 배경으로 화려한 국화 작품을 맘껏 누릴 수 있는 전국 최대 규모 가을꽃 축제로, 매년 개화 기록을 경신하는 다륜대작 ‘천향여심’은 기네스북에도 오른 놓칠 수 없는 축제의 상징이다. 

밤바다를 수놓는 불꽃쇼와 드론라이트쇼, 문화예술공연, 국화 인디 뮤직페스타, 치어리딩 공연, 군악대 퍼레이드 등 다채로운 즐길 거리가 기다리고 있으며, 국화체험활동도 운영된다. 창원 대표 음식거리인 마산어시장 아구찜거리와 장어구이거리에서 식도락까지 함께 즐길 수 있다.",055-225-2341,꽃,https://www.mcst.go.kr/attachFiles/cultureInfoCourt/localFestival/notifyFestival/1728004800336.jpg
영주장날 농특산물대축제,경상북도 영주시,2024. 11. 1. ~ 11. 3. | 10:00~19:00,"영주 사과축제가 새로운 모습으로 돌아온다. 전국 최고의 일조량과 소백산의 깊은 맛을 품은 영주 농특산물, 맛의 끝장, 그 깊은 세계로 모두를 초대한다. 시원한 가을 바람과 소백산의 정기를 머금은 영주 농특산물을 한아름 안아 갈 수 있는 특별한 기회이다. 영주장날 농특산물 축제에서 건강한 농특산물을 맛보며 스트레스를 한방에 해소할만한 맛의 극치를 느껴볼 수 있다.",054-630-8706~8,먹거리,https://www.mcst.go.kr/attachFiles/cultureInfoCourt/localFestival/notifyFestival/1727832361707.jpg
홍성글로벌바비큐페스티벌,충청남도 홍성군,2024. 11. 1. ~ 11. 3. | 10:00~22:00,"예부터 홍성은 한우, 한돈, 닭을 많이 키워 전국에서 제일가는 축산도시이다.  축제 기간 홍성군의 다양한 축산물을 저렴하게 맛보고 구매할 수 있고,  바베큐라는 재미도 함께 즐길 수 있는 축제이다. 바베큐를 통한 다양한 먹거리도 즐기고  바베큐를 직접 체험할 수 있는 알찬 바베큐 축제이다. 

 홍성의 우수한 품질의 한우, 한돈과 다양한 특산물을 즐길 수 있다.",041-634-8706,먹거리,https://www.mcst.go.kr/attachFiles/cultureInfoCourt/localFestival/notifyFestival/1727831872294.png
전남 세계 김밥 페스티벌,서울시 영등포구,2024. 11. 1. ~ 11. 3. | 10:30~20:00,"2024 전남 세계 김밥 페스티벌은 전남 김의 우수성을 세계적으로 알리고, 전남지역의 수산물 등을 활용하여 세계인들도 즐길 수 있는 다양한 김밥을 표현, 전남 깁밥과 전남 수산물을 알리는 축제이다.올해 1회째를 맞이하는 이번 축제는 전남의 22개 도시군의 특산물을 활용한 특화 김밥을 맛볼 수 있으며, 김밥 경연대회, 라이브 경매쇼,라이브 토크쇼 등 다양한 무대 프로그램과 김 뜨기, 김 시식, 아트 김밥 만들기 등 다양한 체험 프로그램으로 관광객들의 이목을 끌 예정이다.",061-333-8761,먹거리,https://www.mcst.go.kr/attachFiles/cultureInfoCourt/localFestival/notifyFestival/1727831419703.jpg
천리포수목원 가을축제,충청남도 태안군,2024. 10. 19. ~ 11. 3. | 09:00~18:00,"천리포수목원에서 계절의 정취를 담은 2024 천리포수목원 가을축제가 개최된다. 
축제는 오는 10월 19일부터 11월 3일까지 16일간 진행되며, 그 중 10월 19일부터 20일까지 양일간은 북페어 2024 천리포수목원 책바슴을 개최한다.
수목원에서 열리는 북페어는 국내 최초로, 이 기간 정세랑 작가와 함께하는 북토크 등 다양한 프로그램이 마련돼 기대감을 높인다.  ‘바슴’은 충남 사투리로 ‘추수’를 뜻하며, ‘책바슴’은 가을걷이 시기에 곡식도 수확하고 좋은 책도 수확하자는 의미를 담았다. 북페어에는 전국 각지의 1인 출판사, 제작자, 작가 등 50여팀이 참가해 평소 쉽게 만나볼 수 없는 독특한 책과 굿즈를 선보일 예정이다. 
작가와의 만남 등 다채로운 프로그램도 준비됐다. 소설 <보건교사 안은영>, <시선으로부터> 등으로 국내외 대형 팬덤을 보유한 정세랑 작가는 19일 ‘좋아하는 것을 더 좋아할 수 있도록’이라는 주제로 북토크를 개최한다. 48만 구독자를 보유한 탐조 유튜버 ‘새덕후’, 생태 사진 작가이자 ‘버섯덕후’인 박상영 작가도 수목원을 찾아 관객과 만난다. 20일에는 2024 초등학생 추천도서 <독도 바닷속으로 와 볼래?>의 안미란 동화 작가가 북토크를 진행한다.
문화 공연 및 야외 영화 상영회도 준비됐다. 20일 음악 <Think About’ Chu>로 유명한 뮤지션 ‘김반장과 생기복덕’이 가을의 수목원을 배경으로 음악 공연을 펼친다. 19일 저녁에는 서해 너머로 노을이 지는 시간에 맞춰 야생동물 보호 시설의 이야기를 다룬 다큐멘터리 <생츄어리>, 나무에 대한 애니메이션 <나무 사이로 계절이 지나가>,  출판사 편집자의 애환을 다룬 영화 <더 납작 엎드릴게요>를 차례로 상영한다.
북페어에서만 만나볼 수 있는 굿즈 패키지의 사전 온라인 예약도 시작됐다. 패키지에는 북페어 기간 천리포수목원을 자유롭게 드나들 수 있는 패스권과 책바슴 기간에만 선보이는 공룡 캐릭터 찰리푸스모건 키링 등 다양한 상품이 포함됐다. 굿즈 패키지는 사전 예약으로 정가에서 10% 할인된 가격으로 구매할 수 있으며, 네이버 예약 사이트에서 확인할 수 있다",041-672-9982,가족,https://www.mcst.go.kr/attachFiles/cultureInfoCourt/localFestival/notifyFestival/1727659037250.jpg
웰컴대학로 페스티벌,서울시 종로구,2024. 10. 5. ~ 11. 3.,"웰컴대학로는 한국 공연예술의 메카, 대학로를 중심으로 펼쳐지는 대한민국 대표 공연관광 페스티벌이다. 2017년부터 매년 가을 국내외 관광객에게 다양한 장르의 공연과 흥미진진한 프로그램을 제공한다. 다채로운 K-퍼포먼스를 만나볼 수 있다.",02-743-5220,음악,https://www.mcst.go.kr/attachFiles/cultureInfoCourt/localFestival/notifyFestival/1727056725177.jpg
할로윈 페스티벌 호박마녀의 초대,대구시 달성군,"2024. 9. 28. ~ 11. 3. | 주중:10:00-18:00, 주말:10:00~21:00","네이처파크는 가을을 맞이 하여 [할로윈 페스티벌-호박마녀의초대] 할로윈 컨셉으로 할로윈 포토존에서 인생샷과 사랑스러운 동물과의 만남,다양한 공연과 이벤트가 펼쳐진다.


네이처파크 [할로윈 페스티벌]축제 기간동안 호러빌리지 존 안에서 미니 게임을 진행한다. 금화를 걸고 게임을 하여 금화 개수에 따른 다양한 상품을 받을수 있다. 재미삼아 아이들과 또는 연인과함께 여러가지 미니게임을 할 수있는 재미있는 프로그램이다.


축제기간 중에 푸짐한 상품이 기다리는<할로윈 코스튬 컨테스>, 다 함께 즐길 수 있는<할로윈 페스티벌 주말 현장 공연>도 진행 한다. 또한 특별동물탐험대 프로그램을 운영중에 있어 사육사와 함께 설명도 듣고 동물들과 좀 더 가까운 교감을 할수 있는 특별한 프로그램있다.",1688-8511,가족,https://www.mcst.go.kr/attachFiles/cultureInfoCourt/localFestival/notifyFestival/1726797502280.jpg
영덕업사이클링아트페스타,경상북도 영덕군,2024. 10. 26. ~ 11. 3. | 10:00~21:00,"영덕업사이클링아트페스타는 영덕에 살고 있는 사람들이 환경을 매개로 다함께 만들어 가는 축제이다.
2023년 총 14곳의 기관/단체/마을/학교 등이 함께 업사이클링아트 작품을 제작하고 전시하였으며, 생활문화공연 및 전시를 포함하면 총 100여개의 지역 동호회/마을/단체 등이 함께 만들어가는 축제이다.
올해에는 약 20여개의 협력단체가 함께 업사이클링아트 전시를 준비중이며, 같은 기간 진행되는 영덕생활문화주간 우다다다페스티벌에 약 100여개의 동호회/단체가 참여할 예정이다. 
영덕업사이클링아트페스타는  지역 주민이 진정으로 함께 만들고 함께 즐기는 축제로 ?이제는 전국의  여러분들과 함께 만들어 가려고 한다.

* 업사이클링아트는 폐자원을 활용하여 예술로서의 가치를 제고하는 장르이다.",054-730-5830,음악,https://www.mcst.go.kr/attachFiles/cultureInfoCourt/localFestival/notifyFestival/1728266340824.jpg
구미라면 축제,경상북도 구미시,2024. 11. 1. ~ 11. 3. | 11:00 ~20:00,"구미에서는 국내 유일 도심 속 라면축제가 개최된다. 농심 구미공장에서 생산된 갓 튀긴 라면을 현장판매하여 구입할 수 있다.
또한 다양한 이색라면 요리를 맛볼 수 있다. 그외 라면테마 전시, 체험, 포토존, 무대프로그램, 각종 이벤트 등을 즐길 수 있다.",054-480-2652,먹거리,https://www.mcst.go.kr/attachFiles/cultureInfoCourt/localFestival/notifyFestival/1727831606202.jpg
해남미남(味南)축제,전라남도 해남군,2024. 11. 1. ~ 11. 3. | 09:00~20:00,"해남의 다양한 농수산물을 활용해 먹거리존, 미식 체험, 체험 프로그램을 운영한다. 더 신나고, 더 특별한 미남 축제만의 개막 퍼포먼스, 온 가족이 즐기는 농산물 체험 프로그램 등 다양한 즐길 거리를 만나볼 수 있다.",061-530-5159~5160,가족,https://www.mcst.go.kr/attachFiles/cultureInfoCourt/localFestival/notifyFestival/1727832003244.jpg
대한민국 국향대전,전라남도 함평군,2024. 10. 8. ~ 11. 3. | 09:00~18:00 (야간개장 21:00까지),"가을과 겨울 정취를 만끽할 수 있는 경관 연출과 대형 트리, 종소리 게이트, 마법의 성 및 9층 탑 등 대형 국화 기획 작품과 매년 다양한 국화분재 작품이 전시되어 환상적인 분위기를 연출한다. 행사장에는 친환경 농산물이 전시 판매되고 있으며, 어린이들이 좋아하는 캐릭터 국화작품 전시, 동물 숲 포토존, 전통 민속놀이 체험, 축제 분위기에 어울리는 문화 예술 공연 등 다양한 체험과 즐길 거리가 준비되어 있다.",061-320-2239,가족,https://www.mcst.go.kr/attachFiles/cultureInfoCourt/localFestival/notifyFestival/1726712253107.jpg
사천시농업한마당축제,경상남도 사천시,2024. 11. 1. ~ 11. 3. | 10:00~20:00,"제16회 사천시농업한마당축제는 오는 11월 1일부터 3일까지 3일간 사천시청 노을광장 일원에서 개최된다. 지역 특산품으로써 우수 농축산물을 홍보할 수 있는 기회를 마련하고 다채로운 전시, 판매, 시음·시식, 체험행사를 진행하며, 행사장을 찾는 시민들과 관광객들에게 다양한 먹거리, 볼거리, 살거리, 체험거리, 즐길거리 등을 제공하며, 제1회 전국농업인가요제, 추수감사제례, 축산사랑 어린이 그림그리기 대회, 윷놀이 대회 등 전 세대가 즐기고 공감할 수 있는 축제의 장이 펼쳐진다.",055-831-3760,가족,https://www.mcst.go.kr/attachFiles/cultureInfoCourt/localFestival/notifyFestival/1728522387593.jpg
월드판소리페스티벌,서울시 중구,2024. 11. 1. ~ 11. 3. | 13:00-18:00,"월드 판소리 페스티벌은 한국의 전통 성악인 판소리의 아름다움과 가치를 알리는 국제 음악 축제이다. 매년 가을 개최되는 이 축제는 판소리 공연뿐 판소리를 모티브로 하는 대중음악, 무용, 연극 등 융합 예술 무대도 만나볼 수 있다. 또한, 시민과 외국인 대상 판소리 워크숍을 통해 무료로 판소리를 배워 볼 수 있는 프로그램도 준비되어 있으며, 나만의 부채 만들기와 청사초롱 만들기 등 다양한 시민 참여 프로그램도 경험할 수 있다. 
월드 판소리 페스티벌은 판소리의 전통을 계승하면서도 현대적인 감각을 더해, 전 세계 관객들에게 새로운 문화적 경험을 제공하고 있다.",02-904-2835,음악,https://www.mcst.go.kr/attachFiles/cultureInfoCourt/localFestival/notifyFestival/1728351806880.jpg
베어트리파크 단풍축제,세종시 세종특별자치시,2024. 10. 19. ~ 11. 3. | 09:00 ~ 18:00,"베어트리파크 단풍축제는  단풍이 절정에 이르는 10월 19일 ~ 11월 3일에 개최된다. 관람로를 따라 수목원 전체를 붉게 수놓은 단풍을 볼 수 있으며, 야외 음악회와 체험 프로그램 등 다양한 행사도 즐길 수 있다. 수백 년 수령의 고목들, 분재원의 단풍분재도 조화롭게 물이 들고, 정원의 코스모스와 국화가 만개하여 더욱 풍성한 가을의 정취를 느낄 수 있다. 베어트리파크의 가을철 대표 볼거리인 단풍낙엽산책길도 축제기간에 개방한다. 은행나무와 느티나무가 숲을 이루고 있는 비밀의 산책로에서 형형색색의 단풍과 바스락거리는 낙엽을 밟으며 깊어가는 가을을 느낄 수 있다.",044-863-2220,음악,https://www.mcst.go.kr/attachFiles/cultureInfoCourt/localFestival/notifyFestival/1728266399135.jpg
강진만 춤추는 갈대축제,전라남도 강진군,2024. 10. 26. ~ 11. 3. | 09:00~20:00,"강진만생태공원은 탐진강과 강진만이 만나는 둑이 없는 하구로 다양한 생태자원이 풍부하게 서식하고 있으며 1,131종 생태다양성의 보고로 매년 2,500여 마리의 큰고니가 방문하는 집단 서식지이다.",061-430-3358,꽃,https://www.mcst.go.kr/attachFiles/cultureInfoCourt/localFestival/notifyFestival/1696467175643.jpg
청송사과축제,경상북도 청송군,2024. 10. 30. ~ 11. 3.,"*하기 행사 내용은 전년도(2023년) 행사 내용으로, 2024년도 행사 내용은 업데이트 중에 있습니다.*

경상북도 청송은 적은 강수량과 풍부한 일조량, 깨끗한 자연환경 등 사과를 재배하기 최적의 조건을 갖춘 곳이다. 자연이 빚어낸 명품’이라 불리는 청송사과가 무르익는 가을, 풍성한 수확의 기쁨과 청송사과의 맛과 영양을 함께 나누는 청송사과축제가 열린다. 축제에서는 11년 연속 대한민국 대표브랜드 대상을 수상한 청송사과를 테마로 하는 유익하고 즐거운 체험프로그램을 즐길 수 있다. 하늘에서 풍선을 떨어뜨려 황금사과를 찾는 ‘만유인력-황금사과를 찾아라’, 만보기가 달린 방망이로 지퍼백 속의 사과를 두드려 잼을 만드는 ‘꿀잼-사과 난타’ 등 재치 있는 체험도 준비되어 있다. 이밖에도 청송사과 퍼레이드, 청송꽃줄엮기 등 다양한 행사가 열린다.",054-873-3686,꽃,https://www.mcst.go.kr/attachFiles/cultureInfoCourt/localFestival/notifyFestival/1696384628065.jpg
백제고도부여국화축제,충청남도 부여군,2024. 10. 25. ~ 11. 3. | 09:00 ~ 21:00,"올해로 21회 맞이하는 `부여국화축제`가 오는 10월 25일부터 11월 3일까지 10일간 궁남지에서 펼쳐진다. 
`국화 향기를 품은 서동과 선화의 사랑이야기`를 주제로한 국화 기획 작품들과 오직 부여에서만 볼 수 있는 다양한 작품들이 다수 전시되어 있다. 관람하는 것 이외에도 다양하게 체험할 수 있는 즐길거리들이 기다리고 있는 만큼 한번 방문한다면 즐거운 추억을 선사해줄 것 이다.",041-830-2591,문화,https://www.mcst.go.kr/attachFiles/cultureInfoCourt/localFestival/notifyFestival/1695688570843.jpg
고창 핑크뮬리 축제,전라북도 고창군,2024. 9. 12. ~ 11. 3. | 09:00~18:00,"소멸해 지역에 희망을 불어넣고 정원식물 및 정원관광 콘텐츠를 발굴하는 꽃객프로젝트에서 진행하는 첫 번째 꽃파티 ‘고창 핑크뮬리 축제’이다.

매년 고창 핑크뮬리 시즌(9월 중~11월 초)이 되면 전라북도 민간정원 1호 꽃객프로젝트에서 가을 꽃파티가 약 7ha의 면적에서 핑크뮬리 뿐만 아니라 맨드라미, 백일홍, 천일홍 등과 50여 년 이상 아름답게 가꿔온 정원수들을 만날 수 있다.",0507-1377-7778,꽃,https://www.mcst.go.kr/attachFiles/cultureInfoCourt/localFestival/notifyFestival/1725587027349.jpg
이월드 펌킨 페스타,대구시 달서구,2024. 9. 7. ~ 11. 3.,"이월드 대표 캐릭터 비비와 친구들이 가을을 맞이해 펌킨 프렌즈로 변신하여 마법 같은 펌킨 페스타로 여러분을 초대한다. 이번 가을은 가을 내내 주황색을 메인 컬러로 새로운 볼거리 및 다양한 체험과 이벤트를 만날 수 있다. 

 낮에는 마법에 걸린 펌킨 빌리지에서 펼쳐지는 사랑스러운 유령핀구들과 비비프렌드의 파티 <펌킨 디스코 파티>부터 다양한 그리팅과 이벤트들을 만나볼 수 있다. 밤에는 이번 가을 새롭게 진행하는 공연인 <바이러스 Z>도 선보인다. 좀비 바이러스에 감염된 사람들로부터 시작되는 공연은 펌킨 페스타의 놓치면 안되는 포인트이다. 

 또한 가을 꽃나들이 필수코스인<인생꽃사진관> 또한 이월드 펌킨 페스타를 놓치면 안되는 이유이다. 2천 평 가득 드넓게 펼쳐진 황화 코스모스 가든과 주주팜 숲속을 물들인 핑크뮬리와 함께 인생사진을 건져보자.

놀이기구와 함께 즐길 수 있는 이월드 펌킨 페스타는 2024년 09월 07일을 시작으로 11월 03일까지 진행된다. 축제 기간 동안 펌킨 포토존으로 꾸며진 이월드를 만날 수 있으며, 펌킨 페스타와 함께 국내 최초 360도를 회전하는 메가스윙 및 30여 종의 놀이기구를 모두 즐길 수 있다.

또한 이월드 가을 축제에서는 <이월드 펌킨 페스타> 외에도 <이월드 인더스타즈>등 가을 내내 다채로운 볼거리를 제공한다. 가을 밤하늘을 수놓는 화려한 불꽃쇼 <이월드 인더스타>는 이월드의 가을 축제를 놓치면 안 되는 또 다른 이유이다.

※ 자세한 행사 내용은 이월드 인스타그램 @eworld.official 또는 이월드 누리집을 참조.

※ 일부 행사는 현장 상황에 따라 변경 및 취소될 수 있다.",070-7549-8112,불꽃놀이,https://www.mcst.go.kr/attachFiles/cultureInfoCourt/localFestival/notifyFestival/1724632741393.jpg
경남고성공룡세계엑스포,경상남도 고성군,2024. 10. 2. ~ 11. 3. | 09:00~18:00(야간개장 22:00),"공룡나라 고성에서 <2024경남고성공룡세계엑스포>가 2024년 10월 2일부터 11월 3일까지 당항포관광지에서 개최된다.축제기간 동안 휴무는 없으며 매주 금요일과 토요일과 공휴일은 오후 10시까지 야간개장이 진행된다. 공룡과 나라는 주제로 열리는 이번 공룡엑스포에서는 공룡을 주제로 한 대한민국 최대 규모의 공룡퍼레이드와 첨단영상과 디지털 기술을 바탕으로 복원된 공룡을 만나볼 수 있는 공룡 5D영상관, 오색 빛깔 미디어아트 존, 다양한 공룡이 살아 숨쉬는 공룡 캐릭터관, 다채로운 공룡 체험 등을 구성하여 다양한 공룡콘텐츠를 선보인다.14만평의 넓은 행사장에서 온가족이 안전하게 즐길 수 있는 공룡엑스포 행사장에는 공룡외에도 남녀노소 즐길 수 있는 마술, 풍선, 저글링 등 다양한 버스킹 공연도 준비되어 있다. 이전에 3년 주기로 개최되다가 이번에 4년 연속 개최되는 2024공룡엑스포에서는 새로운 써클영상, 퍼레이드의 변화, 전시관의 다양한 변화가 이뤄질 예정이다.",055-670-7422,불꽃놀이,https://www.mcst.go.kr/attachFiles/cultureInfoCourt/localFestival/notifyFestival/1693965608372.png
대한민국 청년미술축제: 아트그라운드 서울,서울시 송파구,2024. 10. 30. ~ 11. 4. | 11:00 ~ 19:00,"대한민국 청년미술축제 : 아트 그라운드 서울은 다양하고 폭넓은 장르의 미술 작품을 시민들에게 소개하고 예술가와 관람객의 능동적인 소통을 기반으로 한 전시를 기획하여 본질적으로는 작가들의 작품 활동 환경 개선과 서울 시민의 문화적 소양 증대, 작품 향유로 인한 다양한 긍정적인 효과를 꾀하기 위해 기획되었다. 유명세를 떠나 질적으로 훌륭한 여러 청/장년 아티스트의 작품 전시와 더불어 멘토링 프로그램, 아티스트 토크, 관람객 참여 프로그램 등으로 작가, 관람객 등 함께 모두가 어울려 즐길 수 있는 놀이터 같은 축제가 되기를 희망한다.",02-6953-5385,문화,https://www.mcst.go.kr/attachFiles/cultureInfoCourt/localFestival/notifyFestival/1727659237426.jpg
태안 가을꽃박람회,충청남도 태안군,2024. 9. 13. ~ 11. 4. | 09:00 ~ 18:00,태안 가을꽃박람회는 특정 화훼에 국한하지 않고 잔잔하면서 포근한 가을 특유의 감성을 살려 자연과 어우러지는 다양한 품종을 선보인다. 시리도록 아름다운 꽃지 해변의 붉은 노을을 스토리텔링하고 희망과 치유의 2024년 가을을 만끽할 수 있다.,0507-1497-5536,꽃,https://www.mcst.go.kr/attachFiles/cultureInfoCourt/localFestival/notifyFestival/1724375205787.jpg
대한민국청소년미디어대전,서울시 중구,2024. 10. 31. ~ 11. 6.,"대한민국청소년미디어대전(이하 KYMF)은 2001년부터 시작하여 24년 역사를 자랑하는 국내 최대 규모의 청소년 미디어 축제이다. 2024년에는 학교라는 특별주제로 10월 31일~11월 6일까지 서울특별시청, 청계천 광교갤러리, 시립청소년미디어센터에서 진행된다. 미디어대전은 청소년이 메시지를 가지고 제작한 공익광고, 다큐멘터리, 애니메이션, 영화, 트렌드미디어(MV 등), 사진이라면 출품을 통해 축제에 참여할 수 있다.",02-795-8000(내선2번),가족,https://www.mcst.go.kr/attachFiles/cultureInfoCourt/localFestival/notifyFestival/1727659302147.jpg
양화진 근대사 뱃길탐방,서울시 마포구,2024. 4. 23. ~ 11. 7. | 13:30~16:00,"양화진 근대사 뱃길 탐방은 서울 양화나루와 잠두봉 유적 일대를 중심으로 마포, 한강 일대의 문화유산을 뱃길에서 향유하는 프로그램으로, 국가유산 청의 문화 프로그램인 생생 국화 유산 사업에 등록되어 있다. 서울특별시 마포구에서 주최하고 ㈜컬처앤 로드 문화유산 활용 연구소에서 주관한다.
주요 프로그램으로는 양화진 근대사 뱃길탐방 근대의 물결을 타다, 양화나루에서 즐기는 양화진 나루잇기, 문화유산 활동가를 양성하는 양화진 이야기꾼 양성과정, 온라인 키트 체험 당인리 밤마실이 있다. 그중에서 대표 프로그램인 양화진 뱃길탐방을 소개하고자 하며, 보다 자세한 사항은 컬처앤로드 블로그에서 확인할 수 있다.",070-4290-6966,문화,https://www.mcst.go.kr/attachFiles/cultureInfoCourt/localFestival/notifyFestival/1719794277076.jpg
피나클랜드 불꽃축제,충청남도 아산시,2024. 9. 14. ~ 11. 9. | 매주 토요일 20:00,"피나클랜드의 명물이 되어버린 불꽃축제이다. 가을 하늘에도 화려한 꽃을 그려본다. 
낮에는 억만송이 가을꽃과 오천만송이 국화꽃들이 맞이하고, 밤에는 불꽃이 피나클랜드의 밤 하늘에 꽃을 피운다.",041-541-2582,불꽃놀이,https://www.mcst.go.kr/attachFiles/cultureInfoCourt/localFestival/notifyFestival/1725497385687.jpg
부산불꽃축제,부산시 수영구,2024. 11. 9. | 14:00~20:00,"매년 광안리해수욕장을 화려하게 수놓는 부산불꽃축제가 어느덧 19회를 맞이하였다. 2005년 APEC정상회의 기념행사 일환으로 시작돼, 해를 거듭할수록 세계적인 관심을 받으며 부산 대표 축제로 자리매김하였다. 부산에서만 볼 수 있는 초대형 불꽃과 광안대교 경관조명을 활용한 미디어파사드 연출, 화려한 불꽃과 조명, 음악이 어우러져 스토리텔링이 가미된 부산멀티불꽃쇼를 만나볼 수 있다. 또한 광안리 해수욕장뿐만 아니라 동백섬, 이기대 앞까지 ""3 point"" 연출로 다양한 장소에서 불꽃쇼를 관람할 수 있다.",051-713-5000,불꽃놀이,https://www.mcst.go.kr/attachFiles/cultureInfoCourt/localFestival/notifyFestival/1728522562716.jpg
한국민속촌 가을축제: 귀신사바 귀신놀이,경기도 용인시,2024. 9. 14. ~ 11. 10. | 10:00~19:00,"한국민속촌 가을축제 귀신 사바 귀신놀이는 기이한 마을에서 다양한 귀신들과 함께 미션을 성공하고 마을을 탈출할 단서를 찾아야 한다. 총 16종의 프로그램으로 구성되어 있으며, 미션형 프로그램부터 스폐셜 이벤트, 체험형 프로그램까지 다양하게 준비되어 있다.",031-288-2933,문화,https://www.mcst.go.kr/attachFiles/cultureInfoCourt/localFestival/notifyFestival/1728352048487.png
서울 라이프스타일 투어,서울시 용산구,2024. 9. 25. ~ 11. 10. | 10:00 ~ 18:00,"서울시 관광특구의 활성화를 목적으로 서울시 7개 관광특구만의 독특한 매력과 문화를 경험할 수 있는 특별한 축제가 열린다. Find your Seoul, 7Stories, 3Links 라는 슬로건 아래 서울의 라이프스타일을 경험 할 수 있다. 축제는 서울 크리에이터 주간, 트렌트세터 주간, 엔터테이너 주간 총 3개의 주간으로, 크리에이터 주간은 이태원과 홍대 문화예술 관광특구, 트렌드세터 주간은 종로청계, 동대문 패션타운, 명동 관광특구, 엔터테이너 주간은 잠실, 강남 마이스 관광특구에서 진행된다. 특화체험으로는 지역의 역사와 문화를 이해하고 로컬 음식 문화와 문화예술을 즐길 수 있는 가스트로 앤 아트투어와 서울의 과거와 현재가 만나는 공간에서 즐기는 인장, 신발, 티셔츠 만들기 체험과 도심 속에서 즐기는 다양한 낭만 버스킹 투어가 진행된다.",02-458-3315,먹거리,https://www.mcst.go.kr/attachFiles/cultureInfoCourt/localFestival/notifyFestival/1727315177367.jpg
고흥유자축제,전라남도 고흥군,2024. 11. 7. ~ 11. 10. | 10:00 ~ 22:00,"2024 전남대표축제로 선정된 고흥유자축제는 유자를 소재로 대한민국 대표 축제이다. 문화예술축제로서의 정체성을 확고히 하고 이목을 집중시킬 수 있는 콘텐츠 및 운영전략을 개발하여 남녀노소 누구나 즐길 수 있는 축제로 유명하다. 
과일축제에서 힐링축제로 위상을 정립하고자 11월 고흥은 비타민C 유자천국 이라는 슬로건을 세웠다. 합성 비타민이 아닌 천연 비타민C 고흥유자축제를 대한민국 대표 축제 브랜드화로 거듭나고자 힘쓰고 있다. 
자연이 만든 황금빛깔, 시간이 만든 비타민C 유자와 빛나는 야간 경관이 쏟아지는 제4회 고흥유자축제는 고흥군 풍양면 한동리 701-7번지 일원에서 개최된다. 유자토피아 고흥에서 펼쳐지는 환상의 프로그램과 함께 개최된다.",061-830-5658,불꽃놀이,https://www.mcst.go.kr/attachFiles/cultureInfoCourt/localFestival/notifyFestival/1728266511071.jpg
김해분청도자기 축제,경상남도 김해시,2024. 11. 5. ~ 11. 10.,"*하기 행사 내용은 전년도(2023년) 행사 내용으로, 2024년도 행사 내용은 업데이트 중에 있습니다.*

김해분청도자기 축제는 ""김해분청도자"" 주제로 소박하고 독특한 감성을 품고 있는 분청사기의 우수성과 생활 자기의 서민적인 친근함을 알리는 축제이다. 여러 가지 도자기를 한눈에 볼 수 있을 뿐만 아니라, 전통가마불 지피기, 대형 도자기 시연, 다양한 도자가 체험 행사를 경험할 수 있다.",055-330-3244,문화,https://www.mcst.go.kr/attachFiles/cultureInfoCourt/localFestival/notifyFestival/1664931150025.png
한국민속촌 조선살인수사,경기도 용인시,2024. 4. 6. ~ 11. 10. | 13:00~21:00 (금토일 및 공휴일),"관람객이 직접 살인사건을 추리하는 추리 콘텐츠 ‘조선살인수사’를 11월 10일까지 금·토·일 및 공휴일 간 진행한다.
‘조선시대 살인사건’을 주제로 하는 이 콘텐츠는 관람객이 직접 암행어사가 되어 조선시대 살인사건의 범인을 찾아야 한다.
사또가 풀지 못한 살인사건 속 살해 방법을 찾아 사건의 범인을 추리하는 콘텐츠이다.",031-288-0000,문화,https://www.mcst.go.kr/attachFiles/cultureInfoCourt/localFestival/notifyFestival/1689223888343.jpg
"한국민속촌 살귀옥, A Haunted Prison",경기도 용인시,2024. 4. 6. ~ 11. 10. | 13:30~21:30 (금토일 및 공휴일),"‘살귀옥’은 무당 이화가 장악한 신당골이 귀굴로 변한 지 5년째 되는 해, 신당골 고갯마루에 악귀에 빙의된 살귀들이 살고 있다는 소문으로 시작된다. 소문 속 살귀들의 정체를 밝히기 위해 체험자들은 퇴마술사가 돼 살귀들의 세상으로 들어가지만, 도망칠 수 없는 극한의 공포를 경험할 수 있다.

체험코스는 총 8개로 나뉘며, 체험 진행에는 15분 정도가 소요된다. 체험자들은 내자원 뒤의 피가 묻어있는 길로 상상력을 자극하는 심리적 공포를 안고 출발한다. 약 400m의 국내 최장 야외코스에서는 덫을 놓아 사람을 사냥하는 등 기괴한 공간 연출로 무언가 나타날 것 같은 두려움을 느낄 수 있다. 지하로 내려가는 미로 구간에서는 문을 열어야만 나아갈 수 있어 극악의 공포를 느끼게 된다.

일부 구간은 도망칠수록 갇혔다는 공포 때문에 폐쇄공포증이 유발될 수 있어 주의가 필요하다. 

‘살귀옥’은 전작의 공포체험보다 공포 수위가 높아 만 13세 이상부터 체험할 수 있으며, 노약자, 임산부, 심장질환자는 참여할 수 없다. 체험코스 마지막 구간에서는 직접 금줄을 만들어 살귀들을 봉인하는 이벤트에 참여하고 리워드도 받아 갈 수 있다.",031-288-0000,문화,https://www.mcst.go.kr/attachFiles/cultureInfoCourt/localFestival/notifyFestival/1689223838262.jpg
창덕궁 달빛기행,서울시 종로구,2024. 9. 12. ~ 11. 10. | 19:00/20:00,"창덕궁 달빛기행은 은은 달빛 아래 녹음이 어우러진 창덕궁에서 전문 해설사와 함께 궁궐의 곳곳을 관람하며, 각 전각에 대한 해설과 전통예술 공연을 관람할 수 있는 프로그램이다. 창덕궁 정문인 돈화문에서 출발해 진선문 · 인정전 · 희정당 · 낙선재 · 상량정 · 부용지 · 불로문 · 애련정 · 연경당 · 후원 숲길 등을 관람할 수 있다.",1522-2295,음악,https://www.mcst.go.kr/attachFiles/cultureInfoCourt/localFestival/notifyFestival/1724028401447.jpg
성북 책모꼬지 <성북은_도서관>,서울시 성북구,2024. 10. 12. ~ 11. 11.,성북구 대표 책 축제로서 지역 기관 연계를 통하여 전 연령 및 계층을 아우르는 인문지식 축제이다. 축제 기간 중 성북구립 도서관 16개관 어디서나 현장에서 즐길 수 있는 이벤트도 준비된다.,02-6906-9285,문화,https://www.mcst.go.kr/attachFiles/cultureInfoCourt/localFestival/notifyFestival/1728352268342.jpg
DMZ OPEN 페스티벌,경기도 파주시,2024. 5. 9. ~ 11. 16.,"2024년 DMZ OPEN 페스티벌이 다시 돌아왔다. DMZ OPEN은 닫힌 DMZ의 문을 열어 전문가부터 일반인 모두에게, 학술부터 스포츠, 예술까지 다양한 장르의 오픈을 상징하는 축제이다. 2024년 5월 9일부터 11월 16일까지, 경기도 DMZ에서 진행되며,
주요 행사로는 [DMZ 느끼다] 전시·콘서트·국제 음악제, [DMZ 생각하다] 포럼·해커톤·강연·오픈 랩, 그리고 [DMZ 걷다] 걷기·마라톤 등이 준비되어 있다.",031-956-8311,음악,https://www.mcst.go.kr/attachFiles/cultureInfoCourt/localFestival/notifyFestival/1686529748834.png
공공미술 빛조각축제 <노원 달빛산책>,서울시 노원구,2024. 10. 18. ~ 11. 17. | 18:00~22:00,"2020년 「노원 달빛 산책?이라는 타이틀로 새롭게 시작한 본 행사는 2024년 <숨>이라는 주제로 관람객을 맞이한다. 반복적으로 순환하는 달의 호흡에서 비롯된 <숨>은 한숨 돌리는 휴식을 상징하기도 하고, 숨을 불어 넣는 생명을 나타내기도 하기에, 노원 달빛 산책을 통해 모두가 함께 숨 쉴 수 있는 축제로 구현하고자 하는 의지를 담았다. 이러한 <숨>이라는 주제 아래 5년 차를 맞은 노원 달빛 산책은 한지 등(燈), 조각, 미디어, 레이저 등 다채로운 작품으로 당현천 산책길을 빛낼 예정이다.",02-2289-3473,문화,https://www.mcst.go.kr/attachFiles/cultureInfoCourt/localFestival/notifyFestival/1696902117041.jpg
벽초지수목원 가을꽃 국화축제,경기도 파주시,2024. 9. 21. ~ 11. 17. | 09:00~18:00,"동양정원과 서양정원이 아름다운 벽초지수목원이 2024년 가을꽃 국화축제를 개최한다.

행사기간 설렘, 신화, 모험, 자유, 사색, 그리고 감동의 테마 아래 29개의 소정원들은 국화를 비롯한 아름다운 가을꽃들로 수놓아 진다.

설렘의 공간에는 멋드러진 국화 조형물들이 여왕의 정원과 어울려 설치되며, 자유의 공간에는 30여종이 넘는 그라스들과 어우러진 각종 식물들을 관람할 수 있다. 특히, 2024년 새롭게 오픈한 신화의공간 말리성의가든은 유럽의 궁전 정원 여행을 방불케 하는 경험을 선사한다.

화원에서는 각종 희귀 국화들을 관람 및 판매하고 국화가 가득한 플라워힐 포토스팟을 운영한다.",031-957-2004,꽃,https://www.mcst.go.kr/attachFiles/cultureInfoCourt/localFestival/notifyFestival/1725932592452.jpg
휴애리 핑크뮬리 축제,제주도 서귀포시,2024. 9. 13. ~ 11. 17. | 09:00~19:00(입장마감 17:30분),"휴애리 핑크 뮬리 축제는 제주도에서 가장 로맨틱한 순간을 선사하는 축제로, 한 폭의 그림처럼 펼쳐진 핑크빛 핑크 뮬리 물결을 경험할 수 있는 곳이다. 이 축제는 정성스럽게 가꾼 수많은 핑크 뮬리가 야자 정원, 카페 정원, 그리고 핑크 뮬리 하늘정원 등 공원 곳곳을 물들이며, 마치 동화 속 세상에 들어온 듯한 황홀한 풍경을 자아낸다.

이번 휴애리 핑크 뮬리 축제는 전년도보다 더 화려하고 풍성하게 준비되어, 제주 여행의 필수 코스로 자리매김했다. 핑크빛 배경은 신혼여행, 웨딩스냅, 우정 스냅 등 인생 사진을 찍기에 완벽한 장소로, 사랑하는 사람들과 함께 소중한 추억을 담아낼 수 있는 곳이다. 가족, 연인, 친구와 함께 공원을 거닐며, 핑크 뮬리 포토존에서 특별한 순간을 기록할 수 있으며 핑크빛 물결 속에서의 추억은 오래도록 마음속에 간직될 것이다.",064-732-2114,가족,https://www.mcst.go.kr/attachFiles/cultureInfoCourt/localFestival/notifyFestival/1724200797499.jpg
청도 프로방스 빛축제,경상북도 청도군,2024. 2. 19. ~ 11. 17. | 15:00~22:00  (매주 수요일 휴무),"1996년 청도 테마랜드로 오픈하였다. 2012년 청도프로방스 포토랜드로 새롭게 단장하여 여러분을 맞이한지 10년이 흘렀다.

프랑스의 정감 있는 프로방스 마을을 청도에 그대로 재현하였다. 투명한 햇살 아래 무르익은 포도, 광활하게 펼쳐진 보랏빛의 라벤더, 풍요로운 대자연 속에 독특한 문화와 예술이 살아 숨 쉬는 그곳은 바로 프랑스 남동부 지역의 프로방스 마을이다. 고흐, 세잔, 샤갈, 마티스 등이 사랑한 그곳 프로방스 마을로의 로맨틱한 여행과 빛 축제를 즐길 수 있는 곳이다. 낮에는 100여 가지 다양한 포토존과 아기자기한 소품, 예쁜 집들이 여러분을 맞이하고 어둠이 내리면 눈부시게 빛나는 빛 축제로 변신하는 곳이다.",054-372-5050,문화,https://www.mcst.go.kr/attachFiles/cultureInfoCourt/localFestival/notifyFestival/1708474333752.jpg
부산스토리텔링축제 [안녕한 사하],부산시 동래구,2024. 11. 1. ~ 11. 29.,"부산스토리텔링축제는 지역 스토리를 활용한 온라인 문화축제로, 매년 다른 부산의 지역구를 주제로 개최된다. 2024년 부산스토리텔링축제는 강과 바다가 만나는 안녕한 그곳, 사하구에 관한 다채로운 이야기를 담았다. 축제의 대표 콘텐츠인 [사하 아카이브]를 통해 사하의 숨겨진 이야기를 들여다보고, [사하 스토리 탐방대]에 신청해 직접 몰운대 탐방을 다녀올 수도 있다. 올해는 사하의 옛 사진을 감상하는 [사하 갤러리]와 사하를 나타낼 키워드를 찾는 [사하 키워드 공모전] 등이 신설되어 더 다양한 콘텐츠를 즐길 수 있다.",051-505-2030,문화,https://www.mcst.go.kr/attachFiles/cultureInfoCourt/localFestival/notifyFestival/1727832602212.jpg
9.81파크 <구팔일 억새바당>,제주도 제주시,2024. 10. 1. ~ 11. 30. | 09:00~18:20,"9.81파크 제주가 가을을 맞이해 반짝이는 은빛 억새를 981% 즐길 수 있는 억새 축제 <구팔일 억새 바당>을 개최한다. ‘제주 억새 군락지’로 유명한 애월읍 어음리 일대에 위치한 9.81파크는 은빛 억새 물결과 탁 트인 제주 바다, 해 질 녘 노을을 한눈에 담으며 그래비티 레이싱을 즐길 수 있는 곳이다. 전용 무료 셔틀 버스를 운영해 제주 공항과 제주 시내에서 억새 포인트 까지 편안히 이동 가능하며, 험난한 등산을 하지 않아도 억새를 감상할 수 있다. 특히 올해는 가을 억새와 바다, 제주 노을을 한 눈에 경험할 수 있도록 한정판 티켓 선셋 레이싱을 선보인다. 선셋 레이싱은 시원한 가을 바람을 맞으며 레이스를 즐기면서 제주의 노을과 억새를 한 눈에 담을 수 있다. 또 가을을 맞이해 매일 아침 신선한 크림을 가득 채워 직접 만드는 수제 크림 찹쌀 도넛 ‘오나츠(ONATZ)’에서는 가을 낙엽 컬러를 담은 가을 맛 오나츠 3종을 선보인다. 가을을 대표하는 밤과 사과를 크림 속에 가득 넣은 알밤 오나츠와 애플시나몬 오나츠, 가을 낙엽 컬러를 담은 황치즈 오나츠는 9.81파크 제주에서만 한정기간 만나볼 수 있다. 제주산 식재료로 만든 건강한 요리를 맛볼 수 있는 ‘브로콜리지’에서는 가을 맞이 따듯한 음식을 선보인다. 제주 흑돼지 400g을 수비드해 바삭하게 튀겨낸 흑돼지 400 돈까스와 제주산 메밀로 만든 국수 위 불고기가 듬뿍 올라가 따듯한 한 끼를 책임질 바싹불고기 메밀국수가 준비되어 있다.",1833-9810,꽃,https://www.mcst.go.kr/attachFiles/cultureInfoCourt/localFestival/notifyFestival/1727141867538.jpg
피나클랜드 오천만송이 국화축제,충청남도 아산시,2024. 9. 14. ~ 11. 30. | 09:00~18:00,"피나클랜드에서 네 번째로 선보이는 가을 오천만 송이 국화축제에서 마을 주민들과 함께 직접 가꾼 억만 송이의 다양한 가을꽃과 오천만 송이 국화꽃이 피나클랜드를 가득 채운다.
월선리를 의미하는 지름 5미터의 대형 국화 달 조형물을 비롯하여 국화 터널, 국화 탑 등 100여 종의 국화 조형물 전시와 함께 다양한 가을꽃들로 가을의 정취를 느낄 수 있다. 주말에는 버블쇼, 사물놀이, 음악회 등 매주 다양한 이벤트를 진행한다.
피나클랜드 내부의 카페 드 피나클에서는 봄꽃 에이드, 봄꽃 쌍화차 등 특별 메뉴와 함께 먹거리 장터에서는 다양한 음식들까지 준비되어 오감을 만족시켜준다. 볼거리, 먹을거리, 즐길 거리 가득한 피나클랜드에서 가을을 즐길 수 있다.",041-541-2582,음악,https://www.mcst.go.kr/attachFiles/cultureInfoCourt/localFestival/notifyFestival/1725497464597.jpg
한강역사탐방,서울시 영등포구,2024. 4. 15. ~ 11. 30.,"한강 역사탐방 프로그램은 한강 경관 및 역사·문화자원을 감상·공유하는 매력적인 관광해설과 교육을 제공하여 시민 및 관광객에게 한강변을 체험·감상한다. 또한 체험활동 등 시민들이 능동적으로 참여하고 직접 경험할 수 있는 다양한 콘텐츠를 개발하여 일상 속에서 즐기는 한강 역사 문화를 활성화하고자 한다. 
탐방객은 정해진 코스를 따라 한강 유역 및 인근 문화유산을 거닐며 한강 해설사의 해설을 듣는다. 한강 역사탐방은 주간 16개 코스, 야간 2개 코스, 총 18개 코스로 운영되며, 탐방객은 해당 코스를 거닐며 해당 코스와 관련된 한강의 역사를 탐방할 수 있다.",02-761-2578,불꽃놀이,https://www.mcst.go.kr/attachFiles/cultureInfoCourt/localFestival/notifyFestival/1711500741814.jpg
마노르블랑 핑크뮬리축제,제주도 서귀포시,2024. 9. 15. ~ 11. 30. | 09:00~19:00,"마노르블랑에서 핑크뮬리축제의 향연이 시작된다.


마노르블랑은 서귀포시에 위치한 가든 카페이다. 이곳은 작년에 이어 올해에도 핑크뮬리축제를 맞이하고 있다. 축제기간은 9월부터 11월까지이다. 우리나라 최남단에 위치하고 있으며 핑크뮬리가 우리나라에서 가장 빨리 개화중이다.

9월에는 사랑과 정성으로 가꾸어진 핑크뮬리를 마노르블랑에서 볼 수 있다. 또한 산방산과 송악산 사이로 형제섬과 사계앞바다가 보이는 환상적인 조망은 마노르블랑에서만 볼 수 있다. 환상적인 조망과 함께 핑크뮬리 인생샷을 남길 수 있는 다양한 산책로와 포토존이 준비되어 있고 야외 잔디정원에서는 피아노 연주 버스킹을 즐길 수 있다.",064-794-999,꽃,https://www.mcst.go.kr/attachFiles/cultureInfoCourt/localFestival/notifyFestival/1725932639952.jpg
서울거리공연 구석구석 라이브,서울시 마포구,2024. 4. 1. ~ 11. 30. | 11:30~19:30,"2024 서울거리공연 구석구석라이브는 서울 전역 50곳의 장소에서 진행되는 거리 공연이다. 문화 예술을 통해 시민들에게 일상의 이벤트를 가져다주고, 다양한 문화공연 향유 기회를 확대하기 위해 진행되며 공개모집을 통해 선발된 150팀의 아티스트들이 11월 말까지 서울의 다양한 장소에서 공연을 진행할 예정이다.",02-6958-5444,음악,https://www.mcst.go.kr/attachFiles/cultureInfoCourt/localFestival/notifyFestival/1692230606635.png
문화가 있는 날 청춘마이크 충청권,대전시 서구,2024.05.29~2024.12.01,"문화가 있는 날 청춘마이크 충청권 청춘개화, 모두 다 꽃이야는 문화체육관광부가 주최하고 지역문화진흥원이 주관하는 지역과 일상에서 누리는 수준 높은 청년예술가 거리공연이다.

국민 문화 향유 기회를 확대하고, 열정과 재능이 있는 청년 예술가들에게 공연 기회 마련 및 홍보 지원, 청년 세대 간의 교류·협력의 경험을 통해 청년예술가로 성장 할 수 있도록 돕고 있다. 

올해 청춘 마이크 충청권 공연은 충청도의 높은 자살률이라는 어두운 사회적 이슈를 모티브로 청춘개화, 모두 다 꽃이야라는 주제로 문화예술이 주는 치유의 역할을 통해 주민들을 위로하고 응원하는 메시지를 담아 정서적 돌봄과 즐거움이 넘치는 축제 현장이다.",042-825-6781,음악,https://www.mcst.go.kr/attachFiles/cultureInfoCourt/localFestival/notifyFestival/1718150611151.jpg
문화가 있는 날 실버마이크 <전라·제주 권역>,광주시 광산구,2024. 6. 26. ~ 12. 1.,"올해 실버마이크 전라/제주권역은 전 세대에게 삶의 메시지를 제공하고, 모두가 어울릴 수 있는 교류의 장을 만들기 위한 콘셉트로 운영된다. 이른이라는 주제는 단순히 공연 실력을 뽐내는 자리가 아니라, 그들의 이야기와 열정을 담아 인생에서 가장 빛나는 순간을 지역민과 공유하기 위해 기획된 공연이다.


삶의 많은 부분에 이르렀지만, 그럼에도 멈추기엔 아직 이른 실버예술가의 무대는 그들의 다음 여정을 담고 있는 곳이다. 누구나 겪었을, 누구나 겪게 될 각자의 이야기와 지역의 정서가 버무려진 실버마이크를 통해 전라/제주권역 직주근접지역 곳곳에서 다채로운 음악과 퍼포먼스를 선뵈는 실버예술가를 만나 볼 수 있다.",062-412-2140,음악,https://www.mcst.go.kr/attachFiles/cultureInfoCourt/localFestival/notifyFestival/1717461254721.png
부산국제매직페스티벌,부산시 해운대구,2024. 3. 23. ~ 12. 15. | 행사 및 프로그램별 상이,"부산 국제매직페스티벌은 2006년부터 시작되어 문화콘텐츠 산업의 떠오르는 블루오션인 ‘매직’을 테마로 한 국내 100만 매직 마니아의 꿈의 축제인 국내 유일 세계 최대 규모의 마술 페스티벌이다. 올해 12월까지 진행되는 제19회 부산 국제매직페스티벌에는 매직 판타지아 시즌 2, 매직서커스[봄], 매직 컨벤션, 제6회 버스킹 챔피언십, 매직서커스[가을], 크리스마스 특집 매직 갈라쇼 등 다양한 행사들이 준비되어 있다.",051-626-7002,문화,https://www.mcst.go.kr/attachFiles/cultureInfoCourt/localFestival/notifyFestival/1686097684013.png
제주민속촌 민속체험축제,제주도 서귀포시,2024. 5. 1. ~ 12. 31. | 매일 08:30~19:00 (매표마감 18:00),"제주민속촌은 옛 제주의 모습을 간직한 제주에서 가장 제주다운 곳으로 19세기를 기준 연대로 산촌, 중산간촌, 어촌, 토속신앙을 비롯, 제주 영문과 유배 소등을 전문가의 고증을 통해 구성한 박물관이다. 100여 채에 달하는 전통가옥은 옛 제주 사람들이 실제 거주하였던 가옥을 전시, 가옥 곳곳에는 민속공예 장인들이 실제 입주, 작품 관람 및 체험의 기회를 제공한다.
초대형 장기, 윷놀이, 굴렁쇠 돌리기, 투호놀이, 제기차기 등 민속촌 곳곳에 다양한 민속체험 놀이가 준비되어 있다. 계절에 따라 피는 꽃(유채꽃, 벚꽃, 메밀꽃, 수국, 동백꽃 등)과 전통 가옥, 그 속에서 즐기는 다양한 민속놀이 체험을 즐겨 볼 수 있다.",0507-1457-4502,꽃,https://www.mcst.go.kr/attachFiles/cultureInfoCourt/localFestival/notifyFestival/1714007673238.jpg
구팔일 댕댕이 레이싱!,제주도 제주시,2024. 3. 2. ~ 12. 31. | 매주 토요일 16:00,"반려견 액티비티 축제 ‘구팔일 댕댕이 레이싱!’을 즐길 수 있다. 

제주 반려동물 동반 여행 필수 코스가 된 9.81파크의<반려견과 함께 981패키지 Presented by 설채현>가 3월부터 정식 프로그램으로 운영된다.",1833-9810,가족,https://www.mcst.go.kr/attachFiles/cultureInfoCourt/localFestival/notifyFestival/1722300659278.jpg
태안 빛축제,충청남도 태안군,2023. 1. 1. ~ 2024. 12. 31.,"농사꾼들의 투박한 아이디어와 소박한 솜씨로 시작한 태안 빛 축제가 지금은 연중무휴로 365일 내내 열리고 있다. 충남지역 최초의 화려한 조명, 바다 내음 한 아름 빛으로 피어나는 추억이란 주제로 바다와 꽃으로 각인된 태안의 정적인 이미지를 개선하고자 LED 불빛을 이용한 동적인 모습과 야간 볼거리를 제공한다.",041-675-9200,불꽃놀이,https://www.mcst.go.kr/attachFiles/cultureInfoCourt/localFestival/notifyFestival/1703207583817.jpg
만수천 빛의거리,인천시 남동구,2024. 2. 1. ~ 12. 31.,만수천 빛의 거리는 인천광역시 남동구 만수복개천 공영주차장 양옆 일방통행 전 구간(만수동 1003)에 걸쳐 2023년 12월에 조성되었다. 1공영주차장과 2공영주차장 사이에 12m의 대형 크리스마스트리가 설치되고 2가지의 서로 다른 빛의 터널이 방문객들을 맞는다. 2공영주차장과 3공영주차장 사이에는 민들레 꽃밭과 보름달을 형상화한 포토존이 놓이고 3공영주차장과 4공영주차장 사이에는 LED 놀이터 포토존도 선보인다. 더불어 전 구간에 걸쳐 아름다운 오로라 라이트와 전구 조명이 밤을 밝게 밝힌다.,032-453-2142,꽃,https://www.mcst.go.kr/attachFiles/cultureInfoCourt/localFestival/notifyFestival/1708042703319.jpg
서창별빛거리,인천시 남동구,2024. 2. 1. ~ 12. 31.,서창 별빛 거리는 2019년부터 시작하여 2023년 5회째를 맞는 지역 특화 관광축제이다. 서창 2지구 회전교차로 일원에 겨울과 크리스마스에 어울리는 별빛 거리를 조성하여 지역주민과 관광객들에게 볼거리를 선사하고 연말연시에 따뜻한 위로와 희망을 전하고 있다.,032-453-2144,문화,https://www.mcst.go.kr/attachFiles/cultureInfoCourt/localFestival/notifyFestival/1708042905036.jpg
한국의집 고호재,서울시 중구,2024. 1. 1. ~ 12. 31. 11:00~18:30,"고호재는 한국의집에서 선보이는 프리미엄 궁중 다과 브랜드로 옛 것을 좋아하는 이들의 집이라는 뜻을 담고 있다. 사계절의 맛과 색을 다과상에 올려내는 고호재는 봄, 여름, 가을, 겨울의 계절별 제철 재료로 만들어낸 정성스러운 다과를 맛볼 수 있는 고품격 체험 프로그램이다. 체험객은 전통 한옥인 한국의집에서 고즈넉한 분위기를 즐기며 1인 다과상과 계절별로 제공되는 단품 메뉴(여름의 빙수, 겨울의 죽 등)를 맛볼 수 있다. 푸르른 녹음이 짙은 한국의집에서의 다과 체험은 전통의 멋과 맛을 즐기는 체험객들에게 색다른 즐거움을 제공한다.",02-2266-9101,문화,https://www.mcst.go.kr/attachFiles/cultureInfoCourt/localFestival/notifyFestival/1702600692653.jpg
안산별빛마을 애니멀 & 하트빌리지 빛축제,경기도 안산시,2024. 1. 1. ~ 12. 31. | 15:00~23:00 (입장마감 22:10),"빛과 자연, 그리고 그 속에서 무르익는 추억과 사랑을 선사하는 안산 별빛마을에서 <2024 안산 별빛마을 애니멀 & 하트 빌리지 빛 축제>를 개최한다. 도심 속 아름다운 빛의 숲에서 열리는 빛의 축제는 별빛이 내린 사계절 빛의 정원과 200여 마리의 실 사이즈 동물 조형물들, 그리고 SNS에서 핫한 인생 샷과 추억을 남길 수 있는 포토존들로 가득하다.",031-484-5050,꽃,https://www.mcst.go.kr/attachFiles/cultureInfoCourt/localFestival/notifyFestival/1610323603671.jpg
별빛이 흐르는 정원,경기도 파주시,2024. 1. 1. ~ 12. 31.,"퍼스트 가든은 아름다운 조명으로 정원을 장식한 별빛축제를 365일 연중무휴 운영한다. 일몰과 함께 정원 전체에 조명이 켜지면 낮에는 볼 수 없던 색다른 모습의 정원을 관람할 수 있다. 자수화단의 환상적인 별빛, 토스카나 광장의 이국적인 별빛, 로즈가든의 정열적인 별빛은 추위로 얼어붙은 겨울밤을 녹이고 로맨틱한 겨울밤 분위기를 자아낸다.

별빛이 흐르는 정원을 슬로건으로 은하수를 담은 별자리 여행처럼 더 화려하고 볼거리가 많은 정원이 관광객을 맞이하며, 약 2만 평 규모의 부지에 정원마다 다른 주제로 사계절의 대표 별자리를 비롯한 다양한 별자리가 지상에 내려앉은 모습을 볼 수 있다. 퍼스트 가든 별빛축제는 사계절을 담아낸 다양한 별자리 정원뿐 아니라 생명과 희망을 담은 바오밥나무 별빛, 나비정원 별빛 등 각 정원마다 스토리를 담아낸 별빛테마정원과 곳곳마다 별빛 황금마차, 별빛 아이 캐릭터 등 볼거리와 포토존으로 구성하여 연인과 가족들의 눈을 즐겁게 해줄 예정이다.

2023-2024 퍼스트 가든 빛 축제는 작년에 비해 조명이 더 추가되어 더욱 화려한 정원을 뽐내고 있다. 그 외에 퍼스트 가든은 레스토랑, 웨딩홀, 놀이시설, 체험학습, 기프트숍, 썰매장, 챌린지 코스 등 다양한 편의, 놀이시설을 갖추고 있어 단순한 정원 관람뿐 아니라 종합테마파크로서의 모습을 갖추고 있다.",031-957-6861,가족,https://www.mcst.go.kr/attachFiles/cultureInfoCourt/localFestival/notifyFestival/1678321608513.jpg
허브아일랜드 불빛동화축제,경기도 포천시,2024. 1. 1. ~ 12. 31.,"잃어버린 동심을 만들 수 있는 시간! 매일 밤, 작은 불빛들이 만들어내는 동화 같은 세상은 누구에게나 잊지 못할 추억을 선사하며, 누구나 불빛세상의 주인공으로 만들어줄 아름다운 불빛 야경이 준비되어 있다. 허브아일랜드 불빛동화축제는 우리를 동화 속 세상으로 초대한다. 결코 꺼지지 않는 불빛들의 네버엔딩스토리를 만나보자! 1~3월까지는 핑크, 빛으로 말하다 테마를 가지고 핑크빛의 사랑 메시지를 더한다.",031-535-6494,가족,https://www.mcst.go.kr/attachFiles/cultureInfoCourt/localFestival/notifyFestival/1705018156618.jpg
서면 빛 축제,부산시 부산진구,2024. 10. 2. ~ 2025. 1. 10. | 17:00~24:00,"부산 대표 도심 관광지인 서면의 대표 관광축제이다. 역동적인 서면에 어울리는 다채로운 테마 연출로 차별화된 볼거리를 제공한다. 형형색색 빛 조형물 및 포토존이 조성되어 있으며, 미디어 파사드 연출, 소원리 본 등 시민참여 프로그램을 운영한다.",051-605-4524,문화,https://www.mcst.go.kr/attachFiles/cultureInfoCourt/localFestival/notifyFestival/1727315262843.jpg
낭만등불축제,경기도 남양주시,2024. 5. 1. ~ 4. 30. | 09:30~20:00,"서울 근교의 아름다운 수목원에서 열리는 낭만 등불축제는 등불을 무료로 대여하여 방문객들에게 불빛축제를 즐길 수 있는 기회를 제공한다. 낮에는 족욕체험과 맨발체험, 제빵소와 카페가 마련된 수목원에서 특별한 경험을 제공하며, 저녁에는 불빛축제가 펼쳐진 아름다운 정원을 환상적으로 물들인다. 낭만적이고 힐링 가득한 산들소리에서 등불과 함께 불빛축제를 즐길 수 있다.",sandulsori@naver.com,꽃,https://www.mcst.go.kr/attachFiles/cultureInfoCourt/localFestival/notifyFestival/1718065539105.jpg
K-푸드 페스티벌 넉넉,서울시 종로구,2024. 5. 29. ~ 2025. 5. 31. | 매주 금~일 17:00~22:00,"[K-푸드 페스티벌 넉넉]은 한식의 다채로움과 이색적인 맛을 경험하며, 즐거운 시간을 보낼 수 있는 한식특화 음식 축제이다.

15대의 푸드트럭이 김치베이컨치즈전, 호두크림치즈 곶감말이, 김치·쌈장닭꼬치, 누룽지닭강정, 단호박식혜 등의 이색 한식을 선보이며,

주요 연휴 시즌에는 무대 라이브 공연, 수공예품 팝업스토어, 시민 참여 이벤트 등이 진행될 예정이다.

서울 광화문역과 경복궁역 근처에 있으니, 가까운 도심에서 서울의 맛과 멋을 즐길 수 있다.



* 공지사항 및 세부정보: 인스타그램(@knockknock_festival) 또는 홈페이지(knock-knock.kr) 참고

   (우천 등 기상상황에 따라 휴장될 수 있으니, 방문 전 인스타그램 또는 홈페이지를 확인해 주세요!)",02-2088-4960,푸드,https://www.mcst.go.kr/attachFiles/cultureInfoCourt/localFestival/notifyFestival/1718670614750.jpg
